yardline_100,ydstogo,td_prob,fg_prob,opp_td_prob,opp_fg_prob,no_score_prob,ep,n
1.0,1.0,0.49765608,0.3810941,0.034224212,0.019259777,0.06311029,4.337011,201
2.0,1.0,0.42945197,0.4547867,0.03246884,0.019476345,0.05996861,4.0906153,25
2.0,2.0,0.09390807,0.85489637,0.013726722,0.009773937,0.026397135,3.098295,136
3.0,1.0,0.42980206,0.43403777,0.035072107,0.022399219,0.07472901,4.0039134,22
3.0,2.0,0.081943,0.8665154,0.013558913,0.0094192065,0.02756745,3.0512211,16
3.0,3.0,0.0424044,0.9130187,0.008808917,0.0060897204,0.028877728,2.9569557,137
4.0,1.0,0.34132138,0.523997,0.034288682,0.02003104,0.07690887,3.6663346,28
4.0,2.0,0.07938787,0.86076987,0.013277076,0.010637843,0.0345935,3.014902,16
4.0,3.0,0.041817743,0.9090026,0.009494405,0.007145196,0.031462323,2.9332676,18
4.0,4.0,0.02647495,0.9331257,0.0072014304,0.005117533,0.027381457,2.9198568,114
5.0,1.0,0.3084354,0.59197885,0.03507829,0.02037272,0.042511147,3.6297266,28
5.0,2.0,0.08111296,0.8543064,0.015270951,0.009643586,0.03877514,2.9957488,14
5.0,3.0,0.015109118,0.9675728,0.006224592,0.0043916814,0.0064705857,2.9519167,8
5.0,4.0,0.017137194,0.96283543,0.006892969,0.004348471,0.008521608,2.9473095,19
5.0,5.0,0.014087645,0.96483797,0.0059478837,0.00387745,0.010994173,2.9400563,120
6.0,1.0,0.32507622,0.55877423,0.03551319,0.021026228,0.05796921,3.6416419,25
6.0,2.0,0.054624513,0.9101,0.010058338,0.0076261535,0.017091593,3.019668,15
6.0,3.0,0.049531657,0.91897255,0.014762881,0.01007105,0.0060431315,2.9703708,15
6.0,4.0,0.037323155,0.91099495,0.00873877,0.0062413635,0.036263134,2.9145389,13
6.0,5.0,0.011947648,0.96797055,0.005706559,0.0037376366,0.010453029,2.9365146,20
6.0,6.0,0.015817458,0.9543352,0.0061779916,0.004289855,0.019112082,2.9178078,98
7.0,1.0,0.3279451,0.5715332,0.03873376,0.022595586,0.03735943,3.672645,18
7.0,2.0,0.08503366,0.8608041,0.016648056,0.012369619,0.024246642,3.0245624,14
7.0,3.0,0.016823916,0.9585266,0.0072735613,0.004693489,0.012397941,2.9285364,15
7.0,4.0,0.01657036,0.9558776,0.0072187814,0.0047330414,0.015327617,2.9190493,13
7.0,5.0,0.022054978,0.9415965,0.0076172915,0.0051279664,0.023245709,2.9107115,19
7.0,6.0,0.01983685,0.9385288,0.008837957,0.005296062,0.027121915,2.8769433,11
7.0,7.0,0.01428379,0.950787,0.006643012,0.0041588424,0.023867056,2.893539,76
8.0,1.0,0.35476595,0.52695334,0.04107633,0.026097229,0.04919602,3.6997843,18
8.0,2.0,0.061792374,0.89014626,0.012095952,0.008637692,0.026684789,2.9929516,18
8.0,3.0,0.029312216,0.92562544,0.0063588712,0.0045129266,0.03382124,2.924312,15
8.0,4.0,0.026494049,0.9390792,0.009378382,0.0067599714,0.017838547,2.9170954,12
8.0,5.0,0.020298896,0.942998,0.008815527,0.0053773806,0.022149498,2.8935099,24
8.0,6.0,0.004164552,0.97679156,0.0054095876,0.0031367086,0.010390827,2.912292,10
8.0,7.0,0.015127706,0.950349,0.008795981,0.0051393844,0.020288602,2.8801267,25
8.0,8.0,0.01319674,0.95868236,0.007968082,0.0049336655,0.014958582,2.8980095,63
9.0,1.0,0.2786641,0.637302,0.035798714,0.021967076,0.024839021,3.5472019,18
9.0,2.0,0.09506344,0.78811204,0.015289829,0.0087791765,0.091770954,2.8974063,15
9.0,3.0,0.03456556,0.9082168,0.00809229,0.005559604,0.04314884,2.8935118,15
9.0,4.0,0.022453263,0.9461467,0.010478438,0.0066215284,0.013884797,2.902676,19
9.0,5.0,0.022695638,0.9343357,0.009262658,0.0057326965,0.027548075,2.8801937,18
9.0,6.0,0.0069768955,0.9755901,0.008669832,0.0052198353,0.0033942808,2.8992631,13
9.0,7.0,0.0137045095,0.9453452,0.008147349,0.005037854,0.027462985,2.8600051,14
9.0,8.0,0.010590672,0.94534975,0.0075117447,0.0048465366,0.031461474,2.843162,13
9.0,9.0,0.010234287,0.9580726,0.007548294,0.004880464,0.019019775,2.8785257,59
10.0,1.0,0.28166837,0.634763,0.03391258,0.021710116,0.02666717,3.5743136,15
10.0,2.0,0.051292766,0.874016,0.012449804,0.008317943,0.05319758,2.869668,12
10.0,3.0,0.026538774,0.94329256,0.012463222,0.007920525,0.009421742,2.90477,14
10.0,4.0,0.024873972,0.94131464,0.012695772,0.007794171,0.012960243,2.8859513,12
10.0,5.0,0.024702586,0.94248164,0.011947158,0.008250813,0.012220204,2.8922017,16
10.0,6.0,0.021450546,0.93412054,0.011790063,0.0075947307,0.024566723,2.8475752,8
10.0,7.0,0.017935503,0.93423456,0.009919913,0.0065754433,0.030967116,2.839356,15
10.0,8.0,0.010618015,0.9575977,0.009429724,0.005798314,0.01635944,2.8637288,15
10.0,9.0,0.010484029,0.9571247,0.009049409,0.0056477315,0.017430851,2.8646395,12
10.0,10.0,0.009984202,0.9595727,0.008871214,0.0055249715,0.015824402,2.8700466,49
11.0,1.0,0.30612046,0.57928205,0.03913137,0.023527175,0.050318718,3.5373542,32
11.0,2.0,0.054173328,0.86160505,0.01352353,0.008446697,0.06156604,2.8446243,11
11.0,3.0,0.040755138,0.88523155,0.012339085,0.0065687695,0.05449831,2.8353553,15
11.0,4.0,0.026574953,0.9189265,0.011809832,0.0069534048,0.03531274,2.8395646,15
11.0,5.0,0.019767016,0.940829,0.010694418,0.006932509,0.0214061,2.8652365,8
11.0,6.0,0.009102916,0.96819943,0.011942565,0.0068755546,0.00369007,2.864046,10
11.0,7.0,0.011446648,0.95126516,0.009561544,0.0066861096,0.020756288,2.8471084,14
11.0,8.0,0.012175044,0.9555627,0.010719245,0.0065239198,0.014777934,2.8573213,20
11.0,9.0,0.009557023,0.96566963,0.012344303,0.0073166317,0.004913699,2.8555279,10
11.0,10.0,0.006888672,0.95690197,0.00672223,0.0038767678,0.025451845,2.8603065,31
11.0,11.0,0.010902336,0.9535569,0.009839358,0.0060773995,0.01939215,2.849927,41
12.0,1.0,0.29826602,0.6039893,0.042717207,0.024076045,0.029514939,3.5295422,20
12.0,2.0,0.05410688,0.9042491,0.01848559,0.011291024,0.011357338,2.9283924,9
12.0,3.0,0.029054739,0.9202176,0.013627571,0.008725124,0.027985793,2.8425143,11
12.0,4.0,0.025219716,0.9382531,0.016699042,0.010643034,0.008798669,2.8425553,12
12.0,5.0,0.021277938,0.935021,0.01300464,0.00757366,0.02276382,2.840415,18
12.0,6.0,0.006851147,0.96197796,0.00944025,0.0067770197,0.014799186,2.8474572,11
12.0,7.0,0.017363975,0.94771,0.0145398285,0.009548347,0.010502963,2.8343241,11
12.0,8.0,0.013020854,0.9510351,0.012662165,0.007808492,0.015232433,2.8322723,12
12.0,9.0,0.008500299,0.9641295,0.012068947,0.007055055,0.008059328,2.8462203,14
12.0,10.0,0.01133151,0.93697435,0.00538243,0.004164153,0.041974507,2.8401105,19
12.0,11.0,0.012547364,0.9556944,0.014396175,0.00799545,0.0091028195,2.8301609,8
12.0,12.0,0.012462344,0.9518864,0.012370362,0.00737595,0.015620445,2.8342364,27
13.0,1.0,0.27030432,0.6211444,0.03554215,0.019891066,0.051872574,3.4478657,26
13.0,2.0,0.06578299,0.8557422,0.020122347,0.011420066,0.046130482,2.8531215,17
13.0,3.0,0.04284279,0.8889103,0.015868755,0.00978119,0.042044856,2.826392,20
13.0,4.0,0.030886332,0.9220101,0.01766539,0.010670659,0.018259032,2.8268325,14
13.0,5.0,0.011023119,0.9495232,0.010797594,0.007582993,0.020845776,2.8274395,12
13.0,6.0,0.009059207,0.95702326,0.013101597,0.007783957,0.012839713,2.819402,14
13.0,7.0,0.015147967,0.94994634,0.01594692,0.009254446,0.009424594,2.8165126,14
13.0,8.0,0.01434296,0.9533154,0.017016903,0.00953092,0.0054875375,2.8127382,8
13.0,9.0,0.012632599,0.9329459,0.011482367,0.006979687,0.035620324,2.7860675,13
13.0,10.0,0.013175002,0.9313816,0.009653648,0.006070182,0.039447427,2.8006854,17
13.0,11.0,0.015359001,0.9299383,0.015719166,0.009749775,0.028812498,2.758161,9
13.0,12.0,0.0054354346,0.95529747,0.008187487,0.004867983,0.026075752,2.832024,8
13.0,13.0,0.013825151,0.9437305,0.0140850935,0.008527287,0.019496124,2.803904,29
14.0,1.0,0.32811883,0.53743637,0.05273581,0.027076619,0.053032253,3.4598303,16
14.0,2.0,0.07291311,0.84110475,0.020060139,0.011509035,0.053528324,2.8595574,12
14.0,3.0,0.036180317,0.9158949,0.020041954,0.011265194,0.016068138,2.827095,11
14.0,4.0,0.03008183,0.90197235,0.01749008,0.0103163775,0.039654896,2.7633014,13
14.0,5.0,0.015383073,0.94642186,0.016588314,0.0093713775,0.011899085,2.8027976,9
14.0,6.0,0.043099724,0.8494059,0.016179109,0.009350403,0.081022054,2.7092676,10
14.0,7.0,0.015177726,0.9321421,0.014077154,0.009220463,0.029060328,2.7764482,12
14.0,8.0,0.014308224,0.95139974,0.019312164,0.011034849,0.003645602,2.786011,12
14.0,9.0,0.018878596,0.93136543,0.01965736,0.011017053,0.018668516,2.7557101,11
14.0,10.0,0.016346801,0.9172125,0.010258398,0.005788738,0.050052736,2.7771335,13
14.0,11.0,0.007510876,0.9486696,0.011834598,0.007153891,0.024607632,2.794263,5
14.0,12.0,0.00884627,0.94937474,0.013457928,0.008891029,0.019214937,2.7891662,6
14.0,13.0,0.014513038,0.91561276,0.012263194,0.0076395175,0.049515408,2.7400336,7
14.0,14.0,0.0155325085,0.93442243,0.015893077,0.008740372,0.025057968,2.7745757,28
15.0,1.0,0.297347,0.53777164,0.046032723,0.024230924,0.09306962,3.3009565,27
15.0,2.0,0.08277034,0.834583,0.026700815,0.01484434,0.040328536,2.8520334,20
15.0,3.0,0.02474335,0.9209909,0.017975634,0.010174344,0.025751347,2.7798483,15
15.0,4.0,0.024814487,0.9161654,0.0191049,0.011224426,0.028268866,2.7549167,23
15.0,5.0,0.023552613,0.9131616,0.018191602,0.010643835,0.034095816,2.745087,18
15.0,6.0,0.019257197,0.9248067,0.018329661,0.011270417,0.025996454,2.7471018,18
15.0,7.0,0.013318329,0.94374454,0.019336395,0.011474153,0.0118389875,2.7546175,13
15.0,8.0,0.009662887,0.94020617,0.01419077,0.009347358,0.02633524,2.7608237,8
15.0,9.0,0.015757712,0.93724275,0.020384936,0.011916868,0.014363934,2.7436182,12
15.0,10.0,0.01718808,0.9133606,0.013920605,0.008855769,0.046384376,2.7364664,18
15.0,11.0,0.013375849,0.9198527,0.01392039,0.010131333,0.042337295,2.725447,11
15.0,12.0,0.029597653,0.870671,0.020895103,0.011026962,0.06722159,2.640013,7
15.0,13.0,0.011251301,0.9381319,0.016496774,0.009062143,0.024824543,2.750391,4
15.0,14.0,0.008548909,0.9378549,0.012463486,0.008972911,0.031906266,2.759172,5
15.0,15.0,0.012634078,0.93067145,0.017036935,0.010536581,0.028826566,2.729548,26
16.0,1.0,0.2808612,0.5881371,0.044013146,0.031102495,0.05449241,3.330076,22
16.0,2.0,0.123955354,0.7710799,0.034319114,0.02154452,0.04813425,2.8765607,7
16.0,3.0,0.025665298,0.8926028,0.019212255,0.011932426,0.050172333,2.6872685,17
16.0,4.0,0.020380732,0.928597,0.023063019,0.0134793,0.014105255,2.7265272,8
16.0,5.0,0.016386397,0.9281336,0.020942573,0.012627,0.02156108,2.7145827,29
16.0,6.0,0.012419799,0.9330343,0.018133681,0.012441174,0.023681246,2.7217171,22
16.0,7.0,0.025199372,0.8584188,0.012506857,0.01121019,0.09226026,2.630594,7
16.0,8.0,0.017876666,0.92924416,0.021661999,0.015232962,0.015600006,2.7155566,9
16.0,9.0,0.018671814,0.9073819,0.017802883,0.011730975,0.0440146,2.6931415,10
16.0,10.0,0.019164013,0.9119862,0.017631315,0.011481891,0.03935716,2.7123563,15
16.0,11.0,0.015374576,0.93437356,0.020556683,0.012231174,0.01713801,2.7300823,6
16.0,12.0,0.020828431,0.9156214,0.022892362,0.013875006,0.02633514,2.6908383,10
16.0,13.0,0.011166513,0.9364293,0.015819076,0.010696829,0.025636604,2.7445903,5
16.0,14.0,0.016019808,0.9098327,0.01594641,0.010151093,0.04770152,2.699417,6
16.0,15.0,0.017690117,0.92990303,0.021392168,0.013463612,0.017149089,2.723513,7
16.0,16.0,0.018629082,0.91896784,0.021185415,0.013976511,0.026788443,2.6971982,22
17.0,1.0,0.24511024,0.6024554,0.03934785,0.02684158,0.08500589,3.1679504,29
17.0,2.0,0.041365072,0.8806689,0.026117455,0.016841577,0.034462716,2.6983092,18
17.0,3.0,0.03507112,0.89320934,0.028247582,0.017922174,0.024988918,2.6738124,15
17.0,4.0,0.02232602,0.91110384,0.026124906,0.014990631,0.025029164,2.6617062,11
17.0,5.0,0.029005682,0.88819736,0.025217315,0.015976595,0.041128192,2.6432273,16
17.0,6.0,0.01157132,0.92227143,0.020508505,0.0117488615,0.033595383,2.668806,9
17.0,7.0,0.014458679,0.9241851,0.023162223,0.015247599,0.022593027,2.6657598,19
17.0,8.0,0.018541971,0.9083226,0.023612618,0.014682769,0.034466166,2.6453352,12
17.0,9.0,0.024665106,0.8882008,0.024827765,0.015550138,0.046253536,2.6168067,18
17.0,10.0,0.019468125,0.90180427,0.019648574,0.011962334,0.04676002,2.6683044,13
17.0,11.0,0.0069300532,0.91978616,0.013539802,0.01114758,0.04842471,2.6796718,4
17.0,12.0,0.016970756,0.93045306,0.027328715,0.016020926,0.008837917,2.6705902,6
17.0,13.0,0.011542693,0.9241738,0.01819677,0.011751981,0.034071114,2.6906624,7
17.0,14.0,0.0080811465,0.9184828,0.012471568,0.0076606716,0.053123854,2.7016704,4
17.0,15.0,0.011413594,0.8911274,0.008522157,0.007206157,0.08147023,2.6720536,6
17.0,16.0,0.009076546,0.9191954,0.017964466,0.009623905,0.043909054,2.666405,2
17.0,17.0,0.020509612,0.90593594,0.0264659,0.016138911,0.030432038,2.6276448,9
18.0,1.0,0.27456737,0.5626538,0.05260775,0.03133081,0.07742208,3.1485384,23
18.0,2.0,0.07442576,0.8190415,0.028742112,0.018320803,0.05880462,2.722192,11
18.0,3.0,0.030367259,0.8955597,0.031232052,0.019005552,0.023253381,2.6237075,18
18.0,4.0,0.02168021,0.89445764,0.025348624,0.014487844,0.043590765,2.6143327,15
18.0,5.0,0.024285387,0.8980731,0.025924709,0.016954063,0.034275662,2.6319385,18
18.0,6.0,0.021132572,0.90229654,0.026642425,0.016062139,0.033436093,2.6200635,14
18.0,7.0,0.022805784,0.90714383,0.029769013,0.018640552,0.021165622,2.6167014,13
18.0,8.0,0.015629342,0.9161814,0.026283845,0.015494392,0.026038017,2.6274104,17
18.0,9.0,0.022691242,0.8996508,0.025868615,0.01620799,0.035064436,2.628142,9
18.0,10.0,0.013075741,0.9036214,0.016857341,0.010386313,0.055746567,2.6531317,21
18.0,11.0,0.020641262,0.90369093,0.028560359,0.015156236,0.03151548,2.6102667,8
18.0,12.0,0.009811696,0.90785414,0.016001195,0.009313582,0.05675897,2.6523027,3
18.0,13.0,0.021547979,0.91663516,0.036619548,0.021180104,0.0035443984,2.5807455,5
18.0,14.0,0.02030797,0.8811079,0.019837815,0.014393339,0.06372223,2.6039395,8
18.0,15.0,0.013003658,0.9115159,0.022220185,0.014795607,0.038142413,2.6255045,5
18.0,16.0,0.021041185,0.92049396,0.037300687,0.018972151,0.0016937589,2.5904198,2
18.0,17.0,0.023030862,0.91933924,0.033228472,0.019824756,0.0040825456,2.626993,3
18.0,18.0,0.019036477,0.8943988,0.024444964,0.016467858,0.045215767,2.5960462,13
19.0,1.0,0.2570982,0.5720214,0.06385744,0.034913644,0.070723645,2.9648855,23
19.0,2.0,0.04475006,0.8502812,0.028900117,0.016959997,0.058565024,2.611093,11
19.0,3.0,0.029997442,0.8711442,0.028908227,0.017099211,0.052290156,2.5698853,16
19.0,4.0,0.02200078,0.89546156,0.031050468,0.0178505,0.033197235,2.5694115,10
19.0,5.0,0.02517233,0.8925713,0.033624098,0.018746821,0.029372131,2.5622141,22
19.0,6.0,0.02847278,0.88098186,0.03153858,0.020387767,0.038035512,2.5603693,13
19.0,7.0,0.025818601,0.88772446,0.028532991,0.018443497,0.038936887,2.5889466,12
19.0,8.0,0.020708362,0.90519065,0.03684588,0.019379044,0.01741219,2.544311,7
19.0,9.0,0.021471407,0.90630865,0.03769139,0.021708876,0.012335874,2.540156,10
19.0,10.0,0.022997536,0.866348,0.017779866,0.0117398305,0.08073535,2.6003504,18
19.0,11.0,0.022421615,0.9048425,0.03499027,0.021296166,0.01594202,2.5624406,8
19.0,12.0,0.024535514,0.8924811,0.035622187,0.020048374,0.026794652,2.5394697,9
19.0,13.0,0.018515293,0.9055164,0.03908188,0.021187771,0.015228207,2.5087867,4
19.0,14.0,0.021075752,0.9030673,0.03319224,0.01957666,0.022589426,2.5654292,5
19.0,15.0,0.015511907,0.9014146,0.026861826,0.0145740295,0.041288447,2.5809863,3
19.0,16.0,0.020659616,0.9057663,0.036406122,0.020820346,0.015825465,2.5444214,5
19.0,17.0,0.010834395,0.9012442,0.015696716,0.01770548,0.05423388,2.6166253,3
19.0,18.0,0.014347545,0.869428,0.016642617,0.008534006,0.09062629,2.5665388,3
19.0,19.0,0.01857055,0.89795196,0.030787684,0.017609507,0.03461172,2.5555656,9
20.0,1.0,0.23198205,0.60046655,0.05119209,0.040621072,0.07437205,2.9460075,19
20.0,2.0,0.075397104,0.82591224,0.034587048,0.02863607,0.03474286,2.6777563,13
20.0,3.0,0.021846283,0.8732159,0.025123086,0.019374559,0.060009655,2.5385542,17
20.0,4.0,0.03887677,0.8567313,0.037429776,0.02244671,0.0438892,2.5131357,15
20.0,5.0,0.025436088,0.88514185,0.037876885,0.021753764,0.029240156,2.502997,19
20.0,6.0,0.025997318,0.8728512,0.0341925,0.021975128,0.04442122,2.4953532,25
20.0,7.0,0.022073055,0.8935735,0.037544508,0.022084815,0.024210911,2.5060155,11
20.0,8.0,0.024836626,0.87421083,0.03602302,0.022230374,0.042149432,2.4774933,17
20.0,9.0,0.02821746,0.8708599,0.039124887,0.023862064,0.0373078,2.4646945,7
20.0,10.0,0.019828659,0.87208354,0.022949416,0.014905492,0.06985069,2.5497363,13
20.0,11.0,0.028626466,0.83913857,0.034019817,0.019001842,0.07843512,2.4228776,7
20.0,12.0,0.01760434,0.8886731,0.030792436,0.017228313,0.045299977,2.5219197,4
20.0,13.0,0.026893504,0.8951819,0.043547362,0.025531286,0.00823515,2.4922369,6
20.0,14.0,0.011170648,0.8835292,0.015502497,0.0103084585,0.07922369,2.589344,3
20.0,15.0,0.018645229,0.892754,0.03728491,0.022326514,0.028494291,2.4805868,3
20.0,16.0,0.021861156,0.89111644,0.03738145,0.02063133,0.028547827,2.5026822,5
20.0,17.0,0.025919281,0.8952648,0.042176917,0.026225178,0.009778753,2.4930167,3
20.0,18.0,0.023572847,0.89762866,0.046548218,0.024536584,0.007156638,2.4582887,2
20.0,19.0,0.04229012,0.7444883,0.009664163,0.018260222,0.18462329,2.4071467,1
20.0,20.0,0.023979632,0.8770744,0.032050844,0.021746902,0.044538364,2.5095098,8
21.0,1.0,0.28327706,0.5272106,0.06444431,0.048619863,0.074945614,2.968415,22
21.0,2.0,0.04121008,0.84463257,0.036446206,0.023334602,0.053755865,2.497207,15
21.0,3.0,0.042188067,0.8405203,0.04075174,0.027258126,0.048535205,2.4500382,15
21.0,4.0,0.030572329,0.85900885,0.036096513,0.020983579,0.05276011,2.4754996,8
21.0,5.0,0.037412006,0.84398395,0.043487377,0.024636697,0.0497738,2.415525,10
21.0,6.0,0.020701883,0.86540073,0.03557109,0.024187118,0.053584706,2.4196587,16
21.0,7.0,0.03299968,0.85972077,0.039829288,0.023852956,0.043000042,2.459808,11
21.0,8.0,0.026493043,0.87996227,0.046212304,0.026618723,0.020124977,2.421847,10
21.0,9.0,0.026435975,0.8815039,0.044206962,0.026818845,0.020439686,2.439488,8
21.0,10.0,0.01567266,0.86049247,0.020627972,0.012678493,0.09012727,2.508921,17
21.0,11.0,0.01818236,0.8758814,0.03322987,0.020296296,0.051973294,2.46131,11
21.0,12.0,0.030358408,0.88097703,0.0502975,0.02835833,0.0093290275,2.418078,5
21.0,13.0,0.028585322,0.881413,0.05268535,0.029321369,0.0073297243,2.387262,4
21.0,14.0,0.003670087,0.87240416,0.010675552,0.0134864645,0.09959812,2.5278044,3
21.0,15.0,0.033730842,0.84247303,0.044540655,0.026812356,0.051600598,2.3714623,10
21.0,16.0,0.036998313,0.8585488,0.043228224,0.024749614,0.03574473,2.4578054,3
21.0,17.0,0.017911615,0.8749311,0.030221974,0.020106584,0.056298327,2.4780362,4
21.0,19.0,0.018247584,0.8753087,0.043125093,0.020256672,0.04238438,2.390431,2
21.0,20.0,0.008201837,0.8699258,0.015246004,0.011309338,0.09504076,2.5263205,3
21.0,21.0,0.023595124,0.8657732,0.036220264,0.025255855,0.04850632,2.4333858,9
22.0,1.0,0.23464425,0.5574139,0.054966856,0.039393853,0.1122089,2.8127472,24
22.0,2.0,0.046296448,0.842926,0.041632056,0.02600002,0.04248666,2.483419,10
22.0,3.0,0.063050225,0.83105856,0.052753434,0.03269822,0.019480107,2.4671164,9
22.0,4.0,0.04155583,0.82830524,0.0443565,0.02583522,0.059235886,2.3880134,13
22.0,5.0,0.03313948,0.86247396,0.051583555,0.029663222,0.022397563,2.369178,18
22.0,6.0,0.03615898,0.84408456,0.048132166,0.027529703,0.0434012,2.3657215,12
22.0,7.0,0.02629754,0.85253227,0.03619547,0.024150861,0.060244765,2.4158208,18
22.0,8.0,0.036911275,0.8336118,0.04054879,0.024721952,0.06354897,2.4012322,12
22.0,9.0,0.026497826,0.84466296,0.04109658,0.02639286,0.060696516,2.3527386,12
22.0,10.0,0.025749575,0.8346225,0.033738222,0.020734813,0.08463196,2.3858368,14
22.0,11.0,0.02359619,0.8611351,0.04908741,0.028430011,0.037187837,2.3195198,4
22.0,12.0,0.018340107,0.8354573,0.034262784,0.023709431,0.08769191,2.3238723,8
22.0,13.0,0.015286409,0.86366314,0.030360743,0.025360664,0.064889975,2.4091117,3
22.0,14.0,0.04081454,0.7205768,0.026488006,0.017663766,0.19349295,2.208844,2
22.0,15.0,0.027493196,0.8498138,0.043318465,0.025286917,0.053359624,2.36281,8
22.0,16.0,0.024574995,0.8741965,0.045495402,0.029536411,0.02562215,2.3874102,3
22.0,17.0,0.03198757,0.8711278,0.05417612,0.031024896,0.010945166,2.3648796,4
22.0,19.0,0.018690735,0.8592997,0.02758835,0.016696665,0.07727117,2.4651089,4
22.0,21.0,0.029211726,0.8798808,0.05894353,0.03064316,0.0006369466,2.339352,1
22.0,22.0,0.025395818,0.8670034,0.043380268,0.024107289,0.03951582,2.4029133,4
23.0,1.0,0.21739025,0.57329524,0.05770111,0.04832029,0.101789266,2.6939433,25
23.0,2.0,0.08078985,0.78795785,0.050632223,0.034543518,0.045164224,2.471494,17
23.0,3.0,0.051195625,0.8225653,0.048589665,0.03431005,0.042493757,2.3831265,13
23.0,4.0,0.045354333,0.83383846,0.056868937,0.034318294,0.02877919,2.317898,13
23.0,5.0,0.032659743,0.85487646,0.06101566,0.034762025,0.0158942,2.2614274,14
23.0,6.0,0.02985762,0.85480565,0.06105145,0.03412858,0.019469496,2.243464,5
23.0,7.0,0.02259826,0.8471463,0.042287406,0.02716369,0.06020116,2.3219652,16
23.0,8.0,0.035650358,0.83593535,0.055530164,0.03134948,0.04070933,2.274441,13
23.0,9.0,0.027337106,0.85877913,0.05161804,0.030718612,0.03087868,2.3140433,11
23.0,10.0,0.023028204,0.8439087,0.04029684,0.025254179,0.06693438,2.334839,27
23.0,11.0,0.033607792,0.85587955,0.052824955,0.033241037,0.023616195,2.3332012,6
23.0,12.0,0.015255062,0.84157574,0.04625752,0.023669224,0.0728294,2.2367427,2
23.0,13.0,0.030584449,0.8529324,0.05944705,0.035475522,0.02082126,2.2501762,11
23.0,14.0,0.036982577,0.8493519,0.06727225,0.03624258,0.009337785,2.2270231,4
23.0,15.0,0.026478123,0.82896554,0.03161197,0.020849094,0.09146202,2.388653,2
23.0,16.0,0.021351077,0.6365534,0.028478254,0.017701047,0.045473654,2.4836073,4
23.0,17.0,0.03742153,0.8506494,0.06784125,0.036690813,0.006546702,2.2287495,3
23.0,18.0,0.03765627,0.8535312,0.06750987,0.037192427,0.0032332838,2.239737,5
23.0,19.0,0.03343971,0.8503616,0.06754362,0.036743212,0.011127116,2.2018914,2
23.0,20.0,0.0,0.8514425,0.0,0.0,0.14855751,2.5543275,1
23.0,21.0,0.034411233,0.8307567,0.05383696,0.028309224,0.0519765,2.271224,3
23.0,22.0,0.035494078,0.8078992,0.043577056,0.03162014,0.080378324,2.272762,3
23.0,23.0,0.018900435,0.8545257,0.049140193,0.030168258,0.046759456,2.2612264,2
24.0,1.0,0.2585345,0.5597271,0.06638157,0.05619172,0.05759537,2.8560677,22
24.0,2.0,0.06170424,0.77966416,0.04685672,0.034606207,0.07629155,2.3391283,16
24.0,3.0,0.060323108,0.76790893,0.04950961,0.036396258,0.08477811,2.270568,8
24.0,4.0,0.034063626,0.8187261,0.047315165,0.034226518,0.06496178,2.2606313,17
24.0,5.0,0.038583573,0.8204281,0.05936255,0.035588782,0.04519156,2.2091122,24
24.0,6.0,0.054356657,0.7854707,0.06296403,0.037494723,0.058655966,2.183727,10
24.0,7.0,0.0315523,0.81683785,0.047251478,0.028593132,0.075082816,2.2548707,12
24.0,8.0,0.03396769,0.8060967,0.047322296,0.028967718,0.08284001,2.2378387,10
24.0,9.0,0.03741631,0.80256075,0.03415394,0.025153315,0.10002457,2.3550477,8
24.0,10.0,0.022830147,0.8080193,0.03491879,0.020434594,0.11325757,2.2781808,22
24.0,11.0,0.0561199,0.81287605,0.057058826,0.03380547,0.039031718,2.3311572,6
24.0,12.0,0.03294414,0.81269765,0.044839874,0.02552353,0.083200626,2.2784436,6
24.0,13.0,0.03175137,0.84018964,0.062191308,0.03673549,0.028314628,2.1969306,4
24.0,14.0,0.03648475,0.8368146,0.07754988,0.040310383,0.007852971,2.1014078,3
24.0,15.0,0.016978126,0.83436275,0.038621448,0.038191944,0.07136676,2.2369318,4
24.0,16.0,0.014042713,0.8304926,0.036282323,0.03252734,0.08618036,2.2379477,5
24.0,17.0,0.02006429,0.83359516,0.054770708,0.034264024,0.056707866,2.1548116,2
24.0,18.0,0.041064035,0.837071,0.073508136,0.041409705,0.00597194,2.159581,3
24.0,19.0,0.03735965,0.84541583,0.06804481,0.038216192,0.010079846,2.2065768,2
24.0,20.0,0.027041102,0.8306436,0.05410477,0.03477778,0.052775804,2.198047,3
24.0,21.0,0.011726961,0.83174276,0.03869129,0.033392865,0.08408218,2.2061472,1
24.0,22.0,0.0,0.81724745,0.0,0.0,0.18275258,2.4517422,1
24.0,23.0,0.022816708,0.7448929,0.043770768,0.01945004,0.1682773,2.029583,2
24.0,24.0,0.02773613,0.83687836,0.056606863,0.041778892,0.0361263,2.182459,1
25.0,1.0,0.25065416,0.5183763,0.08699418,0.06275547,0.07955785,2.5132914,33
25.0,2.0,0.085956685,0.7320833,0.0616517,0.040792096,0.078429095,2.2441285,19
25.0,3.0,0.053682692,0.75736314,0.058796607,0.039325397,0.08978138,2.1184626,14
25.0,4.0,0.04858769,0.79809386,0.067365274,0.043811776,0.04110528,2.1309597,22
25.0,5.0,0.045507025,0.78516525,0.056959476,0.04093851,0.07050254,2.1524427,22
25.0,6.0,0.033243496,0.81903094,0.064083405,0.03841791,0.04433233,2.1256065,22
25.0,7.0,0.033007454,0.8234404,0.064343385,0.03695256,0.041374426,2.1397126,10
25.0,8.0,0.032837182,0.7998737,0.05488754,0.039440032,0.07212467,2.1266181,14
25.0,9.0,0.035046715,0.8309652,0.07546325,0.041348953,0.016221795,2.0855122,5
25.0,10.0,0.01726615,0.80439615,0.03224679,0.018592402,0.1270432,2.2523687,23
25.0,11.0,0.04084869,0.821155,0.070282444,0.04348794,0.023137802,2.12682,7
25.0,12.0,0.04501964,0.82326794,0.078926936,0.045877095,0.005651915,2.094029,5
25.0,13.0,0.031228142,0.8013478,0.05981536,0.034433525,0.07230671,2.1003666,11
25.0,14.0,0.0558505,0.80026263,0.070682466,0.049861073,0.02203488,2.1470318,2
25.0,15.0,0.027035477,0.8170375,0.056896385,0.03770904,0.060523644,2.1286325,11
25.0,16.0,0.041057874,0.8262995,0.07895023,0.043675866,0.008904138,2.081792,5
25.0,17.0,0.03299491,0.8255751,0.071353145,0.040220443,0.028870944,2.0868094,4
25.0,18.0,0.05989255,0.7783438,0.061921902,0.04458244,0.054110706,2.1870427,1
25.0,19.0,0.03301654,0.8464432,0.07139425,0.039224066,0.0090515325,2.152645,2
25.0,21.0,0.03882786,0.82440394,0.075713776,0.04087715,0.01910989,2.0919337,5
25.0,22.0,0.05968341,0.7830539,0.06737099,0.04254001,0.045918506,2.1678493,1
25.0,23.0,0.047378987,0.8256038,0.07739337,0.04700544,0.0013828046,2.1250546,1
25.0,25.0,0.039187096,0.75498414,0.051241323,0.038506545,0.11469247,2.0648713,2
26.0,1.0,0.21652566,0.51596534,0.077477485,0.06303085,0.12560429,2.3324995,17
26.0,2.0,0.1011924,0.70956284,0.07113966,0.052167937,0.064680845,2.182744,22
26.0,3.0,0.052626785,0.73600197,0.06413463,0.04248963,0.10360493,1.9999019,13
26.0,4.0,0.046192564,0.73751986,0.05000947,0.035862926,0.12937853,2.0786018,10
26.0,5.0,0.0397888,0.789817,0.06892268,0.043799903,0.05661894,2.0335531,16
26.0,6.0,0.034743015,0.80200124,0.064983636,0.04009151,0.05725411,2.0736206,22
26.0,7.0,0.041022547,0.7937197,0.06959892,0.049247205,0.045314856,2.0326152,13
26.0,8.0,0.032047015,0.7804169,0.060866617,0.03880166,0.08696872,2.0226488,14
26.0,9.0,0.042671323,0.80573696,0.09616252,0.04946478,0.004848089,1.8936846,2
26.0,10.0,0.018840875,0.75953716,0.02799431,0.023308428,0.16977839,2.1444411,19
26.0,11.0,0.028021943,0.8050197,0.062113754,0.0449099,0.058956593,2.0407612,7
26.0,12.0,0.027345551,0.7749375,0.04956407,0.035506528,0.11181344,2.0624933,9
26.0,13.0,0.03008507,0.8130302,0.064915285,0.044054054,0.046990886,2.0624182,8
26.0,14.0,0.028080622,0.71789074,0.044879034,0.03258242,0.17567952,1.938207,6
26.0,15.0,0.023789674,0.7955957,0.04584675,0.031266402,0.102708615,2.137778,3
26.0,16.0,0.04397501,0.8071419,0.06927617,0.04892446,0.029553782,2.0967767,2
26.0,17.0,0.031543504,0.8135919,0.07052797,0.04708831,0.036282886,2.0260608,3
26.0,18.0,0.031804815,0.81631154,0.06419754,0.044139303,0.04267912,2.0893116,2
26.0,19.0,0.04698319,0.80842286,0.081128165,0.04991046,0.012375261,2.0359633,1
26.0,21.0,0.032901194,0.800771,0.068874285,0.042646766,0.05377231,2.0216382,2
26.0,22.0,0.047908388,0.8061587,0.066218875,0.048405908,0.030130861,2.144698,2
26.0,23.0,0.039326757,0.80540687,0.06760505,0.047174342,0.039411597,2.0760138,2
27.0,1.0,0.24608846,0.48805067,0.07470371,0.06293896,0.12655488,2.4756126,30
27.0,2.0,0.09764678,0.69774354,0.07249609,0.05234375,0.07846626,2.1124618,20
27.0,3.0,0.05002668,0.75860065,0.07372581,0.04954466,0.06699052,1.9610391,18
27.0,4.0,0.04793961,0.773011,0.074589424,0.048767734,0.054591402,1.9859825,11
27.0,5.0,0.04812344,0.7119545,0.04500335,0.04074626,0.1531927,2.0358427,11
27.0,6.0,0.034517836,0.78972405,0.06498153,0.04374101,0.0660361,2.0239685,15
27.0,7.0,0.0434505,0.78814125,0.07945435,0.051300183,0.03646377,1.957767,11
27.0,8.0,0.040864933,0.7784739,0.06465112,0.04522588,0.06979918,2.0326529,15
27.0,9.0,0.042186,0.7881591,0.08112784,0.046591055,0.040734895,1.9511884,7
27.0,10.0,0.02046402,0.76452947,0.032329768,0.022256717,0.15989089,2.1436288,21
27.0,11.0,0.044502016,0.7707507,0.08054668,0.049337275,0.053690158,1.9112875,10
27.0,12.0,0.036606252,0.787914,0.07961205,0.050552014,0.04422662,1.910635,4
27.0,13.0,0.03636024,0.7439097,0.06815277,0.048949435,0.10142688,1.8615788,8
27.0,14.0,0.045851074,0.73509824,0.053338274,0.036821924,0.12783799,2.042212,8
27.0,15.0,0.011972284,0.77079093,0.026291592,0.021462994,0.16887937,2.1468592,2
27.0,17.0,0.04817746,0.8074581,0.0833798,0.050989557,0.008775816,2.0223725,2
27.0,18.0,0.046195973,0.79949814,0.083520554,0.049117185,0.020474693,1.9890699,4
27.0,20.0,0.031285126,0.7841549,0.07129574,0.038386498,0.073952205,1.9565016,4
27.0,21.0,0.043977674,0.7882101,0.08128108,0.051402565,0.033512384,1.9474624,3
27.0,22.0,0.040473167,0.8038727,0.08049242,0.048855804,0.025139922,1.9842055,2
27.0,23.0,0.048693683,0.79618865,0.080908395,0.052996803,0.01991849,2.0036108,3
27.0,25.0,0.04465965,0.7889429,0.07338957,0.05200362,0.0398358,2.0089405,1
27.0,27.0,0.014589444,0.77847916,0.052329592,0.037224405,0.1168092,1.9590977,1
28.0,1.0,0.26002914,0.44572622,0.08473196,0.06865525,0.13912623,2.359262,30
28.0,2.0,0.0988617,0.6964388,0.08711325,0.057845965,0.058460295,1.9978714,18
28.0,3.0,0.07633276,0.7218564,0.08805012,0.056069326,0.05624019,1.9148846,15
28.0,4.0,0.048334837,0.7271612,0.07719252,0.04732069,0.09890544,1.8371259,16
28.0,5.0,0.047027525,0.7374229,0.07616026,0.046637636,0.09158382,1.8681095,13
28.0,6.0,0.045840416,0.7219344,0.0546525,0.04587437,0.13052012,1.9665482,11
28.0,7.0,0.052976206,0.73716545,0.080945544,0.05171749,0.076027215,1.8599125,16
28.0,8.0,0.02487325,0.7659401,0.05323666,0.041185502,0.11395252,1.9754016,13
28.0,9.0,0.041074287,0.76272774,0.08753362,0.053412918,0.054205272,1.8023682,11
28.0,10.0,0.030631075,0.7501143,0.049833164,0.03289119,0.13582079,2.0170047,15
28.0,11.0,0.04778415,0.7848678,0.10053128,0.055903822,0.009565747,1.8168007,3
28.0,12.0,0.045555726,0.70878905,0.066252306,0.04610035,0.13232653,1.8428825,6
28.0,13.0,0.053484567,0.7127896,0.076488666,0.047020517,0.10863602,1.8365571,7
28.0,14.0,0.048054285,0.7703976,0.08536738,0.05038994,0.044544082,1.8980783,7
28.0,15.0,0.037882607,0.7790442,0.08245418,0.051356137,0.047895413,1.8698167,3
28.0,16.0,0.0,0.7596956,0.0,0.0,0.24030443,2.2790866,1
28.0,18.0,0.041680597,0.7238174,0.053519122,0.04687385,0.13283703,1.9491262,5
28.0,19.0,0.047655,0.79617107,0.09845774,0.051814698,0.004701549,1.8765855,2
28.0,20.0,0.06303997,0.60712117,0.022421245,0.04955282,0.2569476,1.9573656,1
28.0,22.0,0.050550275,0.77113396,0.10395312,0.060781255,0.011435154,1.7542806,1
28.0,24.0,0.042203,0.76727307,0.09181643,0.054999232,0.04246053,1.7889225,1
28.0,25.0,0.047182575,0.777918,0.11452021,0.056105286,0.002878509,1.693023,2
29.0,1.0,0.21989977,0.51752657,0.09171505,0.07425718,0.095087826,2.2275257,25
29.0,2.0,0.13409653,0.5868089,0.08096836,0.064741164,0.13188526,1.9386685,15
29.0,3.0,0.05083078,0.75801367,0.093204424,0.055313136,0.041409824,1.8107214,17
29.0,4.0,0.05817294,0.71663535,0.08388356,0.059234545,0.08090308,1.7920312,18
29.0,5.0,0.04817221,0.70371604,0.0680731,0.046516635,0.13243622,1.8320694,18
29.0,6.0,0.049028814,0.7183972,0.07845108,0.0481994,0.10478722,1.8039268,11
29.0,7.0,0.047657143,0.7016396,0.07089303,0.048045054,0.13060163,1.7976568,19
29.0,8.0,0.050246935,0.72891253,0.08880355,0.060275126,0.07044934,1.7358648,12
29.0,9.0,0.035543773,0.75650924,0.07530813,0.045138188,0.086350165,1.8546875,7
29.0,10.0,0.022816125,0.73152727,0.034535106,0.028980503,0.1815548,2.0254917,28
29.0,11.0,0.04904367,0.73563004,0.063938774,0.0436943,0.10668034,1.971384,3
29.0,12.0,0.051406175,0.73838925,0.08681807,0.05310152,0.0691525,1.8076329,6
29.0,13.0,0.031184144,0.7605742,0.05829048,0.057007253,0.092063874,1.9203132,4
29.0,14.0,0.04216231,0.77061343,0.07898797,0.058192484,0.049055286,1.8790259,4
29.0,15.0,0.013063254,0.7736554,0.02494745,0.022776045,0.16519427,2.1692474,4
29.0,16.0,0.05212103,0.75416046,0.12592751,0.06433171,0.0018475981,1.5514892,1
29.0,17.0,0.055945367,0.7542648,0.10599486,0.0634083,0.019020174,1.7213815,1
29.0,18.0,0.045684293,0.7701504,0.10570749,0.058270026,0.01890514,1.7144772,5
29.0,19.0,0.052578554,0.75426,0.12501672,0.064082675,0.002469234,1.5621436,1
29.0,22.0,0.037954316,0.7473065,0.09626581,0.053278856,0.063846,1.6731132,1
30.0,1.0,0.25233325,0.42083117,0.10211931,0.07942958,0.14352924,2.0768733,25
30.0,2.0,0.15474491,0.56538224,0.0998817,0.07459403,0.10378729,1.8568692,23
30.0,3.0,0.055131037,0.69157624,0.08895296,0.058414366,0.1046074,1.6622293,23
30.0,4.0,0.06521037,0.66271776,0.08883572,0.0630043,0.11896986,1.6334568,20
30.0,5.0,0.057803687,0.6993218,0.09370462,0.06173237,0.086165205,1.6611395,23
30.0,6.0,0.042176433,0.7140471,0.08449946,0.056802902,0.10128493,1.674863,26
30.0,7.0,0.04581013,0.7242479,0.09460142,0.0608758,0.073234215,1.6477861,16
30.0,8.0,0.047565684,0.7210521,0.094513245,0.061452016,0.07414648,1.6494199,18
30.0,9.0,0.049487036,0.7132117,0.105427526,0.06537531,0.065128304,1.5510148,7
30.0,10.0,0.029846808,0.7238282,0.055057645,0.03833707,0.1520761,1.8794364,30
30.0,11.0,0.040942613,0.731492,0.088003114,0.052735686,0.0857199,1.7061571,7
30.0,12.0,0.03912753,0.6599886,0.04973324,0.051458992,0.19835064,1.752413,4
30.0,13.0,0.057501476,0.63777125,0.071070924,0.047305387,0.18516003,1.6759275,5
30.0,14.0,0.048335157,0.7582785,0.10363442,0.06125801,0.027136091,1.7029028,4
30.0,15.0,0.047336612,0.73209655,0.09933777,0.0647104,0.055192847,1.6375358,5
30.0,16.0,0.040510356,0.70210826,0.07693251,0.05108099,0.1282973,1.6975667,5
30.0,17.0,0.03350211,0.74677444,0.08302774,0.053718634,0.08180059,1.7313731,4
30.0,19.0,0.055964924,0.73498213,0.12609506,0.07003667,0.011245587,1.5026011,2
30.0,20.0,0.056652796,0.7452176,0.10860703,0.06616433,0.021928951,1.6724831,3
30.0,21.0,0.037027966,0.7647595,0.097082876,0.05859292,0.041252762,1.6973974,1
30.0,22.0,0.05858825,0.72745407,0.11796678,0.07450221,0.020128395,1.5430772,4
30.0,26.0,0.034214456,0.2728959,0.03906329,0.03166041,0.12094637,1.3820392,2
30.0,29.0,0.008555604,0.70677894,0.04881673,0.02806312,0.207098,1.7535206,1
31.0,1.0,0.26876685,0.4461929,0.11135952,0.08430447,0.08766833,2.1882212,26
31.0,2.0,0.08341829,0.65558976,0.09040773,0.06365547,0.10566014,1.7264707,14
31.0,3.0,0.08213627,0.6398631,0.10042611,0.06755528,0.10864349,1.5888642,22
31.0,4.0,0.06299153,0.6999398,0.11194243,0.069664344,0.05389671,1.5470476,12
31.0,5.0,0.067383096,0.68935186,0.11646167,0.07017575,0.05513052,1.5134759,17
31.0,6.0,0.049654122,0.718531,0.09482179,0.061162174,0.07447998,1.6550249,14
31.0,7.0,0.05862416,0.71077454,0.1082778,0.06915331,0.05172168,1.5764142,23
31.0,8.0,0.040437687,0.7125201,0.08673296,0.06521292,0.0939002,1.6170614,8
31.0,9.0,0.036870923,0.692046,0.06148424,0.060629554,0.14797355,1.7217338,10
31.0,10.0,0.0345677,0.65417975,0.033899043,0.037552524,0.2391479,1.8547282,12
31.0,11.0,0.05910699,0.7080385,0.1111689,0.06961999,0.0504067,1.5496182,6
31.0,12.0,0.03215284,0.7223864,0.05543498,0.04697762,0.14200892,1.8621645,2
31.0,13.0,0.027941786,0.7284262,0.06428914,0.06281034,0.1156089,1.7420094,2
31.0,14.0,0.055178165,0.7389409,0.12248358,0.07336059,0.008514585,1.5244601,2
31.0,15.0,0.043810025,0.73374003,0.10050768,0.06844791,0.052021552,1.597456,6
31.0,16.0,0.053692874,0.7293425,0.132348,0.07237672,0.010715724,1.4192553,3
31.0,17.0,0.03587926,0.75732636,0.098737575,0.05688509,0.04982721,1.6606009,1
31.0,18.0,0.03821677,0.73097825,0.105669565,0.06516967,0.05862178,1.5244492,2
31.0,19.0,0.039132535,0.64121103,0.07311774,0.04364265,0.20182484,1.5550115,2
31.0,20.0,0.05394991,0.71215487,0.12901221,0.07554249,0.02760429,1.3830868,3
31.0,21.0,0.05684626,0.7142279,0.12232784,0.07612952,0.028882308,1.4549112,1
31.0,23.0,0.04129229,0.7053956,0.10955332,0.06741232,0.07494655,1.4348218,2
31.0,24.0,0.030016333,0.70005465,0.077577844,0.06584859,0.12537397,1.5689526,2
31.0,27.0,0.0020968928,0.68170655,0.0061752857,0.035226107,0.27462962,1.9109552,1
31.0,30.0,0.0027389524,0.6808072,0.0035168978,0.013091166,0.29967746,1.9977037,1
32.0,1.0,0.28811613,0.40285224,0.1161785,0.07971849,0.1107323,2.1746304,27
32.0,2.0,0.092948236,0.6252319,0.09904546,0.067235716,0.11375799,1.631162,16
32.0,3.0,0.083423115,0.6518456,0.11779971,0.07634095,0.068684325,1.4856517,19
32.0,4.0,0.10929874,0.5579235,0.10212099,0.0706925,0.15812674,1.5130754,16
32.0,5.0,0.07679929,0.6176165,0.09504701,0.075939246,0.1328698,1.4977157,19
32.0,6.0,0.055841386,0.64650655,0.080604605,0.0659466,0.14975876,1.567909,8
32.0,7.0,0.045938987,0.68770677,0.09864862,0.06784291,0.0984517,1.4898499,19
32.0,8.0,0.048044376,0.7097366,0.10164504,0.068252645,0.070868485,1.5482285,13
32.0,9.0,0.059187375,0.6781587,0.12626004,0.080402575,0.054215413,1.3227584,10
32.0,10.0,0.036822375,0.6996583,0.07619063,0.051669825,0.13451168,1.6675375,18
32.0,11.0,0.0599901,0.7181736,0.13200334,0.07833142,0.009703688,1.4141576,5
32.0,12.0,0.046034463,0.713745,0.112222895,0.069097996,0.057379596,1.4692763,7
32.0,13.0,0.06155373,0.6934195,0.14112616,0.08220081,0.019439012,1.2741978,4
32.0,14.0,0.047343004,0.6174387,0.11190715,0.07049811,0.15118174,1.1884965,5
32.0,15.0,0.05138473,0.6839449,0.10060067,0.070644446,0.09208735,1.4948357,6
32.0,16.0,0.056018736,0.688156,0.12924476,0.075887404,0.048349876,1.3212861,4
32.0,17.0,0.1154643,0.57481116,0.17377383,0.12693845,0.004906512,0.93956876,1
32.0,18.0,0.044324353,0.70147705,0.103612244,0.079202205,0.06986648,1.4504766,4
32.0,19.0,0.041355766,0.750191,0.11584366,0.063108884,0.028136997,1.5388081,2
32.0,20.0,0.043834835,0.71739817,0.10742901,0.069300115,0.06018129,1.4970244,2
32.0,21.0,0.032597896,0.6824665,0.0866854,0.06330272,0.13272701,1.4751413,1
32.0,22.0,0.050767906,0.75281584,0.124496415,0.06524737,0.0045618378,1.5435731,1
32.0,23.0,0.018066313,0.7031858,0.046671722,0.032943442,0.19841018,1.8096924,2
32.0,24.0,0.065462604,0.6957152,0.13398103,0.08263618,0.020395499,1.3583163,1
33.0,1.0,0.28694874,0.39372352,0.12428101,0.08712166,0.10549624,2.0596678,28
33.0,2.0,0.09372277,0.6042438,0.12675633,0.078784905,0.09461779,1.3445721,15
33.0,3.0,0.10978556,0.5518979,0.11004471,0.075996764,0.15007709,1.4265639,22
33.0,4.0,0.077643625,0.6058591,0.109690495,0.079395995,0.12558806,1.3543819,17
33.0,5.0,0.10234291,0.5898582,0.12845281,0.083133236,0.09399851,1.3377643,21
33.0,6.0,0.09358623,0.635637,0.14083089,0.09057044,0.03693634,1.3031311,15
33.0,7.0,0.050392315,0.66783285,0.11762115,0.06991692,0.0924684,1.3217402,12
33.0,8.0,0.045595624,0.69017696,0.1040322,0.07261999,0.086036846,1.4422165,20
33.0,9.0,0.04938349,0.6681059,0.124591604,0.07651465,0.07970347,1.2468679,14
33.0,10.0,0.03155041,0.6037769,0.060799304,0.039739594,0.22152327,1.5333105,24
33.0,11.0,0.04004009,0.6822854,0.108615585,0.072879195,0.0944877,1.3463819,4
33.0,12.0,0.078920856,0.6550648,0.13149482,0.08755132,0.044932943,1.3341063,8
33.0,13.0,0.044428717,0.7085206,0.08483664,0.057228547,0.103727765,1.6698645,3
33.0,14.0,0.060038637,0.6223443,0.11568201,0.08273145,0.117193766,1.22888,7
33.0,15.0,0.047259513,0.65430385,0.079404935,0.05558883,0.16214254,1.570243,5
33.0,16.0,0.041564137,0.6673988,0.12082449,0.08615694,0.082872294,1.1886938,1
33.0,17.0,0.044010937,0.7335228,0.11654119,0.06938526,0.03485841,1.482893,2
33.0,18.0,0.063308224,0.6892698,0.12840934,0.084551126,0.03229181,1.3567203,8
33.0,19.0,0.03817392,0.6605292,0.09674394,0.07815461,0.12520084,1.3364346,5
33.0,20.0,0.03141246,0.66049486,0.10019168,0.09095447,0.11588109,1.2265463,2
33.0,21.0,0.04342007,0.7019723,0.10798368,0.07557734,0.06911992,1.4246814,4
33.0,22.0,0.049904853,0.73870695,0.13520095,0.07383901,0.00068549893,1.3961353,1
33.0,24.0,0.035494383,0.6987442,0.08745443,0.05330374,0.12372388,1.5713,2
33.0,25.0,0.05065134,0.73715764,0.13332413,0.07358789,0.0036874707,1.4107965,1
33.0,28.0,0.0025337327,0.63651454,0.0062194127,0.022380475,0.33215648,1.8166093,1
34.0,1.0,0.23915611,0.41306847,0.12975727,0.080937825,0.13493823,1.7628975,26
34.0,2.0,0.16051629,0.47551703,0.12696655,0.08542552,0.14936551,1.4059669,24
34.0,3.0,0.1291957,0.53346664,0.14995171,0.09411922,0.0909388,1.1735097,18
34.0,4.0,0.08094697,0.5859331,0.110743366,0.075566486,0.14516973,1.322288,27
34.0,5.0,0.043664593,0.64130217,0.09868635,0.0677967,0.14703357,1.3340731,28
34.0,6.0,0.06514539,0.6198038,0.117253974,0.08052728,0.11549761,1.2524186,20
34.0,7.0,0.05942857,0.64772695,0.11679736,0.07311773,0.10129419,1.3211453,22
34.0,8.0,0.052395448,0.67483765,0.12777781,0.08149896,0.06166574,1.2505641,11
34.0,9.0,0.057620548,0.6729497,0.13444123,0.07920864,0.054062176,1.2424701,10
34.0,10.0,0.03751949,0.6005706,0.066760354,0.057785887,0.23632897,1.423504,18
34.0,11.0,0.060911756,0.55540574,0.122949444,0.07883824,0.1799337,0.9956524,5
34.0,12.0,0.08715096,0.4795128,0.13833487,0.08230457,0.043822657,0.96651554,6
34.0,13.0,0.061397348,0.680956,0.13920483,0.086185575,0.03020383,1.2375009,7
34.0,14.0,0.061958194,0.6635027,0.15424058,0.09109435,0.027126446,1.0694367,5
34.0,15.0,0.04778857,0.58181745,0.07185406,0.05494559,0.24239062,1.4114614,6
34.0,16.0,0.08559457,0.6425631,0.15903355,0.09325547,0.017220508,1.1330913,4
34.0,18.0,0.02652142,0.6470518,0.07368229,0.046871226,0.20494299,1.4696324,5
34.0,19.0,0.02131404,0.62549216,0.053536136,0.045800447,0.25313365,1.5130401,3
34.0,20.0,0.028277405,0.68036014,0.09408711,0.06778784,0.12838927,1.3757056,2
34.0,21.0,0.029707683,0.63494337,0.108675435,0.080716446,0.14470406,1.1089486,2
34.0,22.0,0.07761001,0.6522525,0.15943877,0.0984438,0.010139006,1.0868932,1
34.0,26.0,0.052271396,0.73369694,0.12461301,0.072125055,0.015792605,1.4771024,1
35.0,1.0,0.25848398,0.363269,0.11237516,0.075726934,0.18736875,1.8875558,28
35.0,2.0,0.22242376,0.43496245,0.1530978,0.095393464,0.091074295,1.5059454,14
35.0,3.0,0.09879399,0.5854399,0.122527145,0.081470154,0.10986603,1.3456517,22
35.0,4.0,0.11273916,0.5683573,0.15393199,0.09184666,0.070668414,1.1410202,15
35.0,5.0,0.10914167,0.58981943,0.14706218,0.08893559,0.06280532,1.2370554,16
35.0,6.0,0.058202144,0.5885173,0.11235833,0.07249515,0.16675752,1.1684684,23
35.0,7.0,0.0712266,0.5771934,0.120647706,0.083880164,0.14510721,1.1336231,15
35.0,8.0,0.10999035,0.57393414,0.15298136,0.09988788,0.060794618,1.1214191,12
35.0,9.0,0.068887286,0.57308656,0.10874518,0.07361171,0.1738067,1.2197444,10
35.0,10.0,0.05799316,0.59552836,0.086083315,0.056545507,0.20254977,1.4204048,34
35.0,11.0,0.088788435,0.59333533,0.15449259,0.09601316,0.065168574,1.031513,5
35.0,12.0,0.07317996,0.50844234,0.10485818,0.07213391,0.2390688,1.0872488,6
35.0,13.0,0.096531436,0.59530467,0.14632013,0.088010676,0.071198426,1.1737993,8
35.0,14.0,0.036212426,0.6154858,0.13530187,0.08620036,0.12539136,0.8930894,4
35.0,15.0,0.026810104,0.66901225,0.086484075,0.08406793,0.13252579,1.3364558,3
35.0,16.0,0.067197055,0.65195155,0.17041853,0.09735325,0.010782044,0.9391218,4
35.0,17.0,0.0612481,0.72024786,0.13184845,0.07835366,0.0064444924,1.429611,2
35.0,18.0,0.04804322,0.66917306,0.13233094,0.08485098,0.06415082,1.1617515,2
35.0,19.0,0.06668851,0.5110308,0.116754115,0.06913042,0.034437925,1.1621177,5
35.0,20.0,0.090499796,0.58330387,0.14532976,0.08604133,0.092882305,1.1076978,3
35.0,21.0,0.15188262,0.4089985,0.12711112,0.09461248,0.21312791,1.1204877,1
35.0,22.0,0.039004736,0.6154316,0.14157708,0.09840908,0.103030615,0.82976484,1
35.0,24.0,0.06706968,0.62990284,0.19670117,0.101360366,0.0024571542,0.6758013,1
35.0,26.0,0.06694555,0.62748057,0.19111198,0.10117665,0.011110385,0.7079365,1
36.0,1.0,0.28955656,0.32576317,0.1364486,0.09798773,0.14665437,1.7581073,44
36.0,2.0,0.22009845,0.32149956,0.14720415,0.09411332,0.21298811,1.196931,17
36.0,3.0,0.16893096,0.47722474,0.16626388,0.10408063,0.079828165,1.1406083,22
36.0,4.0,0.1280705,0.51363504,0.1429404,0.09188478,0.12053048,1.1624504,23
36.0,5.0,0.08558356,0.5489546,0.15165824,0.09934131,0.11194749,0.8860486,20
36.0,6.0,0.11423717,0.5457823,0.16544394,0.100174226,0.07139849,0.9789934,16
36.0,7.0,0.07356062,0.57590014,0.11539201,0.080330186,0.15270178,1.1938636,15
36.0,8.0,0.10271932,0.44983327,0.12943831,0.089783825,0.2254216,0.8943492,13
36.0,9.0,0.065679155,0.59785694,0.13190235,0.08914297,0.11349293,1.0625796,7
36.0,10.0,0.033634797,0.5381177,0.065011054,0.04847187,0.31358197,1.2493154,13
36.0,11.0,0.10739671,0.35547507,0.10717468,0.0782565,0.34840313,0.83555955,4
36.0,12.0,0.07596311,0.5640857,0.14848018,0.092803404,0.11607974,0.90523416,11
36.0,13.0,0.066290475,0.6237477,0.15673548,0.09920037,0.051799763,0.9384904,4
36.0,14.0,0.037384674,0.62414724,0.11484685,0.09080138,0.1314972,1.0567647,3
36.0,16.0,0.032554347,0.6380237,0.12269804,0.08085072,0.12426998,1.038496,4
36.0,17.0,0.09791257,0.40496302,0.13607435,0.094809376,0.062797084,0.7647302,5
36.0,18.0,0.056931674,0.6186645,0.1574606,0.094043866,0.07082659,0.8682313,5
36.0,19.0,0.075441085,0.6072471,0.17952591,0.10765535,0.027903719,0.7684553,1
36.0,20.0,0.10368844,0.5288275,0.14584224,0.09985987,0.11889824,0.9927168,3
36.0,22.0,0.083212934,0.60799944,0.18573253,0.11102999,0.0096820425,0.7713117,1
36.0,31.0,0.08393429,0.6095784,0.18587528,0.11457584,0.0034424004,0.7690842,1
37.0,1.0,0.30156934,0.25407213,0.15270829,0.10582942,0.17920016,1.4957429,36
37.0,2.0,0.1961453,0.3945731,0.16885556,0.106399454,0.12872592,1.060835,12
37.0,3.0,0.15055549,0.40650523,0.13499524,0.0970376,0.20626177,1.0423027,25
37.0,4.0,0.15407738,0.38128787,0.15373617,0.10214697,0.20384273,0.8453155,15
37.0,5.0,0.14217933,0.48265126,0.18442655,0.11516981,0.07062223,0.8100563,17
37.0,6.0,0.069987975,0.5427883,0.12655744,0.09594186,0.16215089,0.94561505,13
37.0,7.0,0.11232876,0.44242957,0.16934757,0.109198436,0.103903085,0.6217484,17
37.0,8.0,0.09770048,0.52390105,0.1558364,0.093767956,0.12493737,0.8864991,13
37.0,9.0,0.11671079,0.38343063,0.14450398,0.102297254,0.24924202,0.65123075,14
37.0,10.0,0.050394762,0.52074444,0.0807961,0.066820554,0.27892512,1.1506442,23
37.0,11.0,0.03741804,0.52657485,0.10141907,0.091997385,0.24109323,0.85449964,6
37.0,12.0,0.09649239,0.5433223,0.16466853,0.11519983,0.076438874,0.8079441,4
37.0,13.0,0.1789816,0.38982075,0.22244334,0.14124759,0.06030821,0.4492278,9
37.0,14.0,0.09180059,0.44753534,0.14668499,0.10921003,0.0763941,0.6852932,8
37.0,15.0,0.13855626,0.292994,0.16607715,0.11554751,0.28090432,0.3461474,4
37.0,16.0,0.05070417,0.571376,0.16700451,0.10096636,0.10787278,0.5951081,3
37.0,17.0,0.16307697,0.47607374,0.20222887,0.13759743,0.013476046,0.7503855,2
37.0,18.0,0.183001,0.24403249,0.17255814,0.13001825,0.260148,0.4307058,1
37.0,19.0,0.029225167,0.09800951,0.025578186,0.053251784,0.7909042,0.16388945,1
37.0,20.0,0.18487334,0.40227842,0.21964677,0.13453265,0.051353466,0.56748444,3
37.0,21.0,0.08422102,0.5821359,0.19559678,0.119163334,0.01639395,0.6073439,1
37.0,22.0,0.12565938,0.510902,0.21933703,0.12905501,0.007963299,0.49785098,3
37.0,23.0,0.087494716,0.5841789,0.19969285,0.1233398,0.0025050698,0.59441906,1
38.0,1.0,0.33494267,0.22544475,0.18882424,0.12091889,0.121682696,1.3481829,23
38.0,2.0,0.25741357,0.2752488,0.17687304,0.112874486,0.17031574,1.0613506,15
38.0,3.0,0.24149956,0.2896392,0.20842107,0.12682186,0.1245263,0.73336434,26
38.0,4.0,0.24312274,0.2818645,0.23227116,0.13674788,0.096713945,0.5240821,17
38.0,5.0,0.16294448,0.31221718,0.16637939,0.10619895,0.24692182,0.6001998,20
38.0,6.0,0.15916638,0.36224636,0.1808056,0.118771784,0.17327699,0.5852148,25
38.0,7.0,0.17844321,0.3670991,0.20724896,0.12300316,0.117341325,0.5392462,16
38.0,8.0,0.102102794,0.4189385,0.15099515,0.09460136,0.22927238,0.6336518,13
38.0,9.0,0.121914,0.43735185,0.19465263,0.12639004,0.11505262,0.427221,13
38.0,10.0,0.05512349,0.49894226,0.09898748,0.06398326,0.28086784,0.99842507,17
38.0,11.0,0.18347049,0.1931658,0.21027151,0.13548039,0.2653733,0.005739157,5
38.0,12.0,0.0374338,0.6060865,0.11586348,0.06278336,0.17653488,1.0796458,3
38.0,13.0,0.18817079,0.33954853,0.24572992,0.15000455,0.06903024,0.17327306,7
38.0,14.0,0.12980042,0.34915867,0.19229838,0.1328194,0.19030365,0.21701585,7
38.0,15.0,0.10322264,0.300729,0.1524361,0.09385162,0.16273016,0.3282246,11
38.0,16.0,0.13419689,0.4494667,0.19969133,0.12018776,0.089553215,0.5371934,7
38.0,17.0,0.14879422,0.29076785,0.18332294,0.13735384,0.23089792,0.22987643,4
38.0,18.0,0.11991603,0.39661428,0.16958857,0.12606943,0.18157767,0.47072065,4
38.0,19.0,0.117708035,0.38349634,0.1986607,0.13499774,0.1586822,0.18579598,4
38.0,20.0,0.07476938,0.5556271,0.2378937,0.12246184,0.0065397555,0.1550094,2
38.0,21.0,0.24995025,0.23800917,0.3016128,0.17282163,0.023029685,-0.14428852,1
38.0,24.0,0.24910603,0.2555389,0.29717612,0.16641594,0.010353762,-0.032815453,1
38.0,28.0,0.0,0.61651057,0.0,0.0,0.38348943,1.8495318,1
38.0,30.0,0.2625283,0.25994846,0.25008133,0.15878682,0.05621809,0.40775388,1
39.0,1.0,0.28947675,0.2002087,0.16654743,0.1138574,0.22336671,1.1274574,36
39.0,2.0,0.24602659,0.29382434,0.18797342,0.12676041,0.13836332,0.9167115,14
39.0,3.0,0.21526475,0.25667438,0.18656038,0.11313724,0.22103558,0.64153093,12
39.0,4.0,0.20130156,0.19945987,0.16335762,0.10408695,0.28088927,0.58374685,23
39.0,5.0,0.19955544,0.2260291,0.18727256,0.112462945,0.22124553,0.4482662,22
39.0,6.0,0.1791472,0.2736849,0.18915786,0.117289074,0.16196844,0.4434986,14
39.0,7.0,0.16392252,0.34867716,0.21391913,0.13460495,0.13143912,0.30132413,13
39.0,8.0,0.14968018,0.34436104,0.2050218,0.13218242,0.16263889,0.25631952,12
39.0,9.0,0.14039952,0.32889417,0.18973854,0.12884748,0.16277514,0.29115388,23
39.0,10.0,0.11134684,0.3851494,0.14268647,0.09678949,0.25920033,0.65083694,20
39.0,11.0,0.13903962,0.4001378,0.23623872,0.14684567,0.071521334,0.08308874,5
39.0,12.0,0.17508341,0.33978143,0.18863165,0.13677724,0.15033185,0.52793753,3
39.0,13.0,0.19059037,0.31934264,0.24607055,0.1502367,0.08572049,0.12623112,6
39.0,14.0,0.24117436,0.22049458,0.29547992,0.17551719,0.056961387,-0.23135792,3
39.0,15.0,0.20433027,0.33171275,0.2612048,0.16471285,0.029063018,0.1137845,6
39.0,16.0,0.1543546,0.28977942,0.16846061,0.12121842,0.1577287,0.4263943,10
39.0,17.0,0.042960208,0.469681,0.11933044,0.07209604,0.29447788,0.65785724,3
39.0,18.0,0.13168612,0.19755748,0.12303928,0.08178346,0.45677596,0.42220846,2
39.0,20.0,0.1135464,0.2544217,0.11941074,0.07521899,0.18109962,0.56542706,4
39.0,21.0,0.14998993,0.46287164,0.23001023,0.13941774,0.011126195,0.4156301,3
39.0,24.0,0.24230431,0.21514097,0.286208,0.1771258,0.066685066,-0.17552936,1
39.0,32.0,0.07001977,0.633476,0.17648314,0.11615828,0.001551671,0.8042566,1
40.0,1.0,0.3193605,0.19046208,0.17496772,0.12047646,0.18707854,1.231415,32
40.0,2.0,0.27030402,0.17984769,0.19087082,0.117698446,0.23302647,0.7544893,18
40.0,3.0,0.24855804,0.24775475,0.21776547,0.13526103,0.14119458,0.5666564,15
40.0,4.0,0.20799573,0.25628477,0.1713986,0.119567946,0.23694625,0.6774737,19
40.0,5.0,0.2189134,0.21924876,0.1899284,0.12093659,0.20855002,0.53508765,29
40.0,6.0,0.22364372,0.2342749,0.21453312,0.13591641,0.12749329,0.39355123,18
40.0,7.0,0.21222001,0.26666534,0.21650003,0.13660987,0.16016671,0.37052074,21
40.0,8.0,0.20302418,0.22012442,0.21454185,0.13498871,0.21864809,0.18751672,9
40.0,9.0,0.21266867,0.16629384,0.17762949,0.12201346,0.22866112,0.4222256,12
40.0,10.0,0.08216215,0.36091703,0.08962496,0.06346674,0.36468402,0.85673994,28
40.0,11.0,0.1081684,0.2589824,0.14832467,0.10397375,0.26479217,0.1827425,9
40.0,12.0,0.14530139,0.27357802,0.2024334,0.12914318,0.13268736,0.048652373,9
40.0,13.0,0.21801256,0.2470021,0.25449535,0.16074352,0.11010219,0.015866203,7
40.0,14.0,0.14293097,0.28505492,0.20994182,0.12986499,0.059207994,-0.0150157465,6
40.0,15.0,0.113000855,0.23482737,0.10392012,0.07932603,0.46394306,0.5371847,5
40.0,16.0,0.24482656,0.2102865,0.27821034,0.17654295,0.07779179,-0.11456342,5
40.0,17.0,0.11852202,0.26415694,0.1261868,0.10248373,0.38296726,0.4396093,4
40.0,18.0,0.23924431,0.2134771,0.28753468,0.18197437,0.06485949,-0.22483563,2
40.0,19.0,0.18813682,0.17448108,0.19555771,0.14155145,0.2874113,0.06781566,3
40.0,20.0,0.23494662,0.21394573,0.32818055,0.18335736,0.020865668,-0.5306199,1
40.0,22.0,0.13481574,0.15490523,0.1376288,0.10753475,0.45282063,0.14513062,1
40.0,23.0,0.23029196,0.1937949,0.23656799,0.14449988,0.18377446,0.12048653,3
40.0,24.0,0.20259404,0.1740676,0.20370643,0.11782812,0.28545555,0.18930845,1
40.0,26.0,0.26819375,0.22150446,0.23510599,0.18035582,0.08775929,0.35860974,1
40.0,27.0,0.054512568,0.105657525,0.02574628,0.082464755,0.7282389,0.27571014,1
41.0,1.0,0.31649336,0.20135283,0.18965222,0.12002355,0.16491377,1.1416517,19
41.0,2.0,0.2411062,0.1638154,0.16970314,0.11246896,0.30517846,0.66474617,20
41.0,3.0,0.26159683,0.20077224,0.21731438,0.12961571,0.18199708,0.5349126,21
41.0,4.0,0.23313592,0.24895708,0.20756568,0.12195756,0.1798115,0.57220155,12
41.0,5.0,0.23365964,0.2455793,0.20306982,0.13081886,0.17709266,0.57277846,13
41.0,6.0,0.2064874,0.21320233,0.20356323,0.13175522,0.23496798,0.2800771,8
41.0,7.0,0.2060503,0.16313258,0.18696204,0.11906198,0.23948875,0.33956817,13
41.0,8.0,0.1995159,0.23820202,0.20967385,0.14054684,0.20502509,0.2303866,14
41.0,9.0,0.276655,0.20826235,0.25241596,0.15864551,0.09468848,0.33135945,5
41.0,10.0,0.15924564,0.24712516,0.17315756,0.11381536,0.26441708,0.30738378,28
41.0,11.0,0.17793916,0.30701625,0.20302697,0.13424769,0.17051429,0.3515871,9
41.0,12.0,0.26450115,0.19413644,0.2528044,0.15894613,0.11963338,0.19923516,4
41.0,13.0,0.06111612,0.06305552,0.11343629,0.06391759,0.69212526,-0.35823837,1
41.0,14.0,0.1478329,0.26481494,0.19028263,0.1284225,0.2615499,0.12031837,7
41.0,15.0,0.17328154,0.23060478,0.19474994,0.118267715,0.27138865,0.20495026,7
41.0,16.0,0.16301087,0.14862706,0.16912544,0.1166846,0.3944541,0.06389408,2
41.0,17.0,0.16231975,0.26845136,0.2243832,0.15600951,0.18105796,-0.08786567,7
41.0,18.0,0.25604153,0.19643387,0.27413166,0.16696964,0.092446305,-0.017608417,4
41.0,20.0,0.22030321,0.2577082,0.29945582,0.18235755,0.02769198,-0.31167442,5
41.0,21.0,0.06283188,0.07134583,0.06141474,0.051363595,0.24692157,0.16243246,2
41.0,22.0,0.20921293,0.16047065,0.1752449,0.1202382,0.325169,0.37428677,1
41.0,23.0,0.16212806,0.31206146,0.20320447,0.13403578,0.17982489,0.25861832,3
41.0,26.0,0.3287968,0.19641243,0.27424926,0.16374485,0.023940593,0.4941495,1
41.0,27.0,0.10620332,0.110823,0.050362464,0.09907488,0.62795824,0.4350814,1
41.0,32.0,0.06708223,0.5568201,0.23865615,0.12659359,0.008570628,0.08748641,1
42.0,1.0,0.29970765,0.16229805,0.16802351,0.11458754,0.24867533,1.0739229,26
42.0,2.0,0.27787367,0.16832876,0.20865273,0.12825947,0.20873411,0.6158082,24
42.0,3.0,0.21343447,0.19277614,0.17468339,0.11849053,0.29230255,0.5065541,19
42.0,4.0,0.28375065,0.17619726,0.21713504,0.13610952,0.17751221,0.5994351,18
42.0,5.0,0.19527219,0.18401913,0.15786327,0.116202086,0.34055963,0.47314307,12
42.0,6.0,0.21165027,0.16454303,0.19924562,0.13554765,0.20719586,0.2005993,14
42.0,7.0,0.20434439,0.161477,0.19642462,0.1307899,0.2995141,0.15760627,20
42.0,8.0,0.22589098,0.17908213,0.22860868,0.15086901,0.2062596,0.07878355,21
42.0,9.0,0.1739263,0.17514949,0.18406269,0.124332264,0.27352303,0.07813014,16
42.0,10.0,0.16579753,0.23882452,0.16886175,0.10847505,0.31141877,0.37905312,23
42.0,11.0,0.20684306,0.24093927,0.2708756,0.1647273,0.044991903,-0.19653702,16
42.0,12.0,0.23124784,0.17554758,0.23074019,0.14726429,0.20496416,0.10280663,8
42.0,13.0,0.23688538,0.18262674,0.270993,0.1724508,0.12676404,-0.19529742,6
42.0,14.0,0.25023532,0.19290775,0.3089572,0.18665135,0.049867094,-0.37788704,4
42.0,15.0,0.117911786,0.23957519,0.16802232,0.11562089,0.35158098,0.0311654,6
42.0,16.0,0.26466227,0.18306045,0.25425836,0.16858211,0.11608406,0.13540675,2
42.0,17.0,0.26056275,0.19812395,0.305496,0.18517256,0.03697213,-0.25627524,3
42.0,18.0,0.22050801,0.1770136,0.25708362,0.1678518,0.1659592,-0.21260881,8
42.0,19.0,0.19456308,0.32055223,0.28465286,0.1703263,0.01689385,-0.16121311,3
42.0,20.0,0.18635528,0.2453579,0.21964224,0.1477305,0.19173649,0.07201819,5
42.0,23.0,0.25313753,0.16596419,0.24425763,0.16444337,0.15890871,0.08611491,2
42.0,24.0,0.04018462,0.05612368,0.034415267,0.07924507,0.78421414,-0.019563593,2
42.0,25.0,0.2510298,0.16538534,0.2449126,0.1599455,0.16728106,0.07146115,1
42.0,28.0,0.31700954,0.18366623,0.2683351,0.16699049,0.053142708,0.40322256,1
42.0,31.0,0.0028082528,0.40612656,0.010483387,0.099665925,0.4806002,0.8656543,1
43.0,1.0,0.2889583,0.15931556,0.17214298,0.120934956,0.2524567,0.9407061,25
43.0,2.0,0.22610201,0.17458773,0.16327177,0.111298755,0.31748173,0.6402489,22
43.0,3.0,0.23670718,0.16102502,0.18812752,0.12433228,0.28185496,0.46129945,21
43.0,4.0,0.22233069,0.17906785,0.19152385,0.12076916,0.27864325,0.4012864,21
43.0,5.0,0.23081845,0.15165867,0.1844478,0.12248793,0.2548597,0.4530502,21
43.0,6.0,0.24485774,0.17626244,0.24401194,0.14374481,0.09761163,0.13553055,12
43.0,7.0,0.2330183,0.17323254,0.22234692,0.14537662,0.21640684,0.1724885,9
43.0,8.0,0.21315491,0.16659534,0.23314029,0.14406827,0.17566305,-0.061105378,17
43.0,9.0,0.18802261,0.15775888,0.19863383,0.12743996,0.3207884,0.026409553,12
43.0,10.0,0.11189787,0.24215728,0.11309571,0.0806926,0.4466048,0.4846238,16
43.0,11.0,0.2117175,0.16332452,0.22533637,0.14734739,0.24333286,-0.03522312,13
43.0,12.0,0.1794174,0.1794286,0.19589677,0.13411573,0.22668709,0.036978338,13
43.0,13.0,0.17511341,0.24192221,0.20810755,0.12622151,0.24035707,0.1277352,5
43.0,14.0,0.19527815,0.1614977,0.21967581,0.14193708,0.2712168,-0.09685789,7
43.0,15.0,0.119521774,0.28039315,0.14752358,0.11196474,0.3359184,0.31411284,6
43.0,16.0,0.13863252,0.12741634,0.18595858,0.13111748,0.4090464,-0.330699,3
43.0,17.0,0.26308832,0.18363467,0.2561475,0.18426557,0.10034523,0.06322023,2
43.0,18.0,0.24108382,0.17199667,0.2607809,0.17277928,0.14222422,-0.12632753,5
43.0,19.0,0.2532052,0.17996578,0.2996931,0.18812318,0.06577411,-0.33165893,3
43.0,20.0,0.17608435,0.14589517,0.18078518,0.15266642,0.33559024,-0.040662616,2
43.0,21.0,0.31455705,0.19304197,0.3003219,0.16957405,0.0071609747,0.19121698,1
43.0,22.0,0.17804968,0.28945628,0.1885133,0.12364928,0.21306032,0.43298736,3
43.0,23.0,0.19943419,0.32991377,0.28341565,0.1701362,0.0076071457,-0.100876786,2
43.0,25.0,0.30658054,0.19321887,0.26496735,0.18331006,0.039959364,0.33470353,1
43.0,32.0,0.3259557,0.21031365,0.25992355,0.17933242,0.00591075,0.5668492,1
44.0,1.0,0.33038718,0.18597935,0.20739707,0.13344416,0.13508454,1.0286177,30
44.0,2.0,0.2727969,0.15734182,0.20172398,0.12964852,0.22964717,0.5932618,24
44.0,3.0,0.27315968,0.17794621,0.23245415,0.14192641,0.16571516,0.40495774,17
44.0,4.0,0.23391877,0.1780313,0.1886338,0.12660922,0.26464516,0.48314774,17
44.0,5.0,0.23505151,0.18117757,0.21204503,0.13453963,0.22837299,0.3136634,23
44.0,6.0,0.23137948,0.19096231,0.24235128,0.157498,0.11578693,0.03140396,19
44.0,7.0,0.20802769,0.18370648,0.19970258,0.13170633,0.20129223,0.24241129,15
44.0,8.0,0.21819517,0.20245625,0.23115373,0.13588175,0.20374672,0.12072284,15
44.0,9.0,0.21848933,0.16817261,0.2202554,0.14313793,0.24148215,0.07435554,16
44.0,10.0,0.21953164,0.17731375,0.22394662,0.14253499,0.22806953,0.08552713,24
44.0,11.0,0.23724501,0.18858045,0.27276438,0.16879988,0.12337591,-0.177686,9
44.0,12.0,0.22145338,0.17602436,0.25943214,0.16489236,0.16860263,-0.21993475,7
44.0,13.0,0.28203043,0.19774139,0.28414217,0.1959477,0.030088715,0.0019929036,3
44.0,14.0,0.18009195,0.14653206,0.19083577,0.1346463,0.3401926,-0.02885715,8
44.0,15.0,0.25218278,0.19379328,0.33932966,0.19044,0.008265937,-0.5763527,4
44.0,16.0,0.24177866,0.18144408,0.27340278,0.17370847,0.11966258,-0.18629095,4
44.0,17.0,0.17388311,0.1552687,0.1754775,0.15442258,0.33329588,0.00083974376,2
44.0,18.0,0.25122976,0.1781692,0.25805455,0.16918796,0.13195115,-0.005560264,3
44.0,19.0,0.13605897,0.13410924,0.17279044,0.10555257,0.44349018,-0.16093956,2
44.0,20.0,0.19072613,0.12946327,0.15976602,0.10978292,0.4011538,0.28905737,2
44.0,21.0,0.046937283,0.08946684,0.015768103,0.050551564,0.7955225,0.33668977,1
44.0,22.0,0.22125177,0.16554,0.21476613,0.14244309,0.24279472,0.13596793,1
44.0,24.0,0.2682346,0.18228392,0.33555287,0.19103903,0.005733364,-0.47198582,1
44.0,25.0,0.1428701,0.14386442,0.151464,0.12138316,0.4322269,0.021040339,1
44.0,26.0,0.06536139,0.09464579,0.048703343,0.089520104,0.6947113,0.14449657,1
45.0,1.0,0.3324812,0.18066399,0.21571553,0.1389767,0.12391927,0.95320684,32
45.0,2.0,0.25731298,0.15331954,0.1758709,0.11540604,0.235591,0.7448597,18
45.0,3.0,0.27576125,0.17476247,0.22753102,0.14209597,0.17024672,0.44887552,23
45.0,4.0,0.24827576,0.16211769,0.21416445,0.13039584,0.23652558,0.346023,23
45.0,5.0,0.25395367,0.19474363,0.2248094,0.13822545,0.17970714,0.38573205,16
45.0,6.0,0.2040517,0.16620018,0.19095384,0.12942724,0.30144116,0.21320796,26
45.0,7.0,0.23971479,0.1760189,0.2414381,0.14711994,0.18692347,0.08684908,16
45.0,8.0,0.25275207,0.19006124,0.2621054,0.16748628,0.118399225,0.014292359,14
45.0,9.0,0.21528658,0.17152743,0.2144655,0.13588025,0.25476706,0.12399018,9
45.0,10.0,0.15664026,0.16909297,0.15525822,0.10278685,0.37468624,0.20605685,28
45.0,11.0,0.19422011,0.16097882,0.2209656,0.14005895,0.2753435,-0.11310502,10
45.0,12.0,0.2516356,0.18782419,0.30198807,0.17240119,0.075165465,-0.29187292,5
45.0,13.0,0.17681935,0.15414399,0.19153123,0.1322187,0.33559427,-0.023178112,8
45.0,14.0,0.24036032,0.1806206,0.25640807,0.16794346,0.1452998,-0.0634197,6
45.0,15.0,0.17257264,0.13681085,0.18243021,0.12591247,0.37352625,-0.02418701,4
45.0,16.0,0.1877347,0.2166388,0.20136406,0.12856494,0.25566107,0.18345174,4
45.0,17.0,0.21674868,0.17037798,0.24821877,0.15994473,0.19237666,-0.17089279,7
45.0,18.0,0.2098068,0.16661914,0.2612658,0.15923236,0.19006595,-0.31775886,2
45.0,19.0,0.17216381,0.225682,0.24849771,0.1795045,0.16632897,-0.3871775,4
45.0,20.0,0.18000066,0.14692019,0.16896231,0.13907687,0.35712767,0.11126611,3
45.0,21.0,0.2656151,0.17086777,0.30491248,0.18326807,0.06334104,-0.2968147,2
45.0,22.0,0.28127515,0.18753795,0.31889883,0.19133863,0.0066434084,-0.25416481,1
45.0,23.0,0.06619511,0.09227012,0.0590239,0.11111456,0.66747475,-0.00054289075,1
45.0,24.0,0.055986192,0.09067869,0.029419865,0.08174482,0.7389079,0.21731631,1
45.0,25.0,0.027510032,0.046286117,0.01591102,0.051070873,0.852556,0.07750697,1
45.0,26.0,0.32233757,0.19021703,0.249945,0.19869661,0.030139996,0.48513985,1
45.0,27.0,0.24763422,0.17103894,0.23195995,0.14428002,0.19436044,0.20564759,3
45.0,29.0,0.102380104,0.12555736,0.09974355,0.111667804,0.55333376,0.07289455,1
45.0,30.0,0.30735222,0.18594459,0.2911906,0.16977215,0.020600548,0.204179,1
46.0,1.0,0.3236143,0.16537961,0.20010383,0.13425198,0.16960551,0.9665489,25
46.0,2.0,0.27117997,0.16155262,0.21474297,0.13250825,0.21203613,0.49294463,20
46.0,3.0,0.21292427,0.14822428,0.18384333,0.11618673,0.33184034,0.3090378,17
46.0,4.0,0.22620021,0.15208927,0.19415186,0.120229326,0.2995001,0.33086854,12
46.0,5.0,0.24604,0.17411217,0.21357274,0.14868046,0.20924015,0.31525978,14
46.0,6.0,0.24555668,0.17548661,0.24933262,0.15544628,0.16526963,0.045987885,14
46.0,7.0,0.22456922,0.18967894,0.24292926,0.1425477,0.1924563,0.023157055,15
46.0,8.0,0.19504884,0.15827209,0.20064628,0.12147732,0.31616312,0.08278018,10
46.0,9.0,0.24382539,0.17194246,0.2509925,0.15174794,0.17206745,0.023444688,12
46.0,10.0,0.19896813,0.18625471,0.19470052,0.1264078,0.2860721,0.22014774,15
46.0,11.0,0.21123147,0.16028054,0.24108505,0.14900383,0.23018035,-0.16511019,4
46.0,12.0,0.22234318,0.20281059,0.269003,0.16175185,0.13416886,-0.19076674,9
46.0,13.0,0.16483007,0.14205427,0.17922874,0.10525956,0.40172195,0.01711584,3
46.0,14.0,0.25841594,0.17548862,0.2829265,0.17408875,0.09843561,-0.15386,4
46.0,15.0,0.2298101,0.1593924,0.24869068,0.16003488,0.19036816,-0.117037855,6
46.0,16.0,0.21375273,0.1499864,0.19542825,0.14673397,0.28540018,0.14929934,3
46.0,17.0,0.18667437,0.14949504,0.25040928,0.14508954,0.25579616,-0.41231433,2
46.0,18.0,0.22104208,0.16404012,0.25130275,0.16417693,0.18795681,-0.19814092,2
46.0,20.0,0.24123771,0.16516809,0.23655264,0.1549033,0.19337885,0.07408134,3
46.0,21.0,0.149568,0.14207105,0.15426655,0.1326959,0.41352537,0.008144936,1
46.0,22.0,0.28140786,0.18131208,0.32713002,0.17550981,0.01533358,-0.27158418,2
46.0,24.0,0.29026648,0.17456204,0.30406135,0.19298364,0.008639771,-0.099310145,1
46.0,26.0,0.25032943,0.16358212,0.23977312,0.18235633,0.15764327,0.021176036,1
46.0,27.0,0.31298062,0.17650266,0.24897192,0.17600496,0.07609161,0.4601604,1
46.0,30.0,0.34415367,0.17641531,0.28206182,0.16837744,0.016750626,0.4730415,1
47.0,1.0,0.32480794,0.16641977,0.21229899,0.1443968,0.1441821,0.8635719,29
47.0,2.0,0.2606483,0.15489574,0.21378204,0.13413665,0.22838032,0.40109462,21
47.0,3.0,0.25453565,0.15968326,0.22950162,0.14316426,0.20368111,0.23798788,12
47.0,4.0,0.22364087,0.15645774,0.18672752,0.12274431,0.30343422,0.3685326,21
47.0,5.0,0.25987142,0.16937363,0.24582475,0.15356658,0.1622934,0.15778367,17
47.0,6.0,0.17715915,0.13228022,0.17576846,0.1136441,0.33498707,0.07299434,17
47.0,7.0,0.2292639,0.16713549,0.23564675,0.15359662,0.20612016,0.0066155763,10
47.0,8.0,0.22637227,0.18284808,0.25400203,0.16445838,0.16406138,-0.1278227,13
47.0,9.0,0.27512196,0.18848532,0.29226077,0.17946541,0.05460608,-0.07933735,11
47.0,10.0,0.16507065,0.16580665,0.15799835,0.103742205,0.4013022,0.24388939,17
47.0,11.0,0.18917854,0.17436363,0.20400143,0.12621634,0.2976955,0.05260967,7
47.0,12.0,0.23706867,0.16725068,0.25966406,0.167518,0.15918396,-0.14745618,11
47.0,13.0,0.25252628,0.1763888,0.29045403,0.17616272,0.09286155,-0.2486156,4
47.0,14.0,0.19618747,0.15084195,0.21160367,0.15519056,0.27784488,-0.11040412,7
47.0,15.0,0.18847735,0.15055037,0.22583136,0.1512631,0.27541292,-0.2521381,8
47.0,16.0,0.1802944,0.13974908,0.2173096,0.15503398,0.29805127,-0.29122216,5
47.0,17.0,0.19431934,0.14190735,0.20615768,0.12712882,0.3209338,-0.025040064,4
47.0,18.0,0.2748062,0.1814739,0.2888063,0.18442042,0.05962558,-0.09294621,3
47.0,20.0,0.21123384,0.14547253,0.21289715,0.1342032,0.28609565,0.035150915,1
47.0,21.0,0.2687368,0.17078288,0.2701581,0.1883489,0.09537724,-0.058312584,1
47.0,22.0,0.011197098,0.061437547,0.0073707113,0.0009827606,0.9172789,0.21010585,1
47.0,23.0,0.18243787,0.14365609,0.21734068,0.15207574,0.2942504,-0.25465,2
47.0,24.0,0.2537039,0.17065974,0.36209282,0.17495163,0.014228124,-0.73042226,1
47.0,25.0,0.10788282,0.11331144,0.09373729,0.12269509,0.5562643,0.080520384,1
48.0,1.0,0.30793414,0.16011128,0.2129787,0.14001395,0.1716227,0.73408914,22
48.0,2.0,0.27354422,0.15346105,0.2132116,0.13882056,0.2126348,0.47713232,15
48.0,3.0,0.28440315,0.16735739,0.25984508,0.15625313,0.122072585,0.21951577,19
48.0,4.0,0.2544937,0.15840931,0.23501924,0.14856187,0.19517356,0.17688398,18
48.0,5.0,0.2182974,0.14250031,0.20853798,0.12591924,0.29675195,0.12911257,14
48.0,6.0,0.25959715,0.17479117,0.26159427,0.15945499,0.13487853,0.045405407,13
48.0,7.0,0.21947375,0.149923,0.22886203,0.1379563,0.25623196,-0.020215267,16
48.0,8.0,0.2256476,0.159457,0.24244916,0.14716828,0.21674898,-0.06885923,14
48.0,9.0,0.19883557,0.14735055,0.22105846,0.13704841,0.28794625,-0.113642745,11
48.0,10.0,0.18346357,0.15126823,0.18964848,0.12496321,0.3436476,0.04525905,23
48.0,11.0,0.24707979,0.16399606,0.26843658,0.16447401,0.1458127,-0.13729483,6
48.0,12.0,0.20619118,0.15088291,0.24309397,0.15540871,0.23594917,-0.26042143,6
48.0,13.0,0.1715572,0.13644838,0.20353985,0.13712332,0.3430512,-0.21450888,9
48.0,14.0,0.14423789,0.11956093,0.1628526,0.11997944,0.44722334,-0.12516816,6
48.0,15.0,0.19527428,0.13672438,0.2677058,0.15260674,0.23721863,-0.53918546,3
48.0,16.0,0.19950967,0.15190838,0.25081113,0.16267784,0.22525491,-0.3788287,8
48.0,17.0,0.19255957,0.13645245,0.21718273,0.15021016,0.29404753,-0.20017599,7
48.0,18.0,0.14996769,0.11413673,0.15185422,0.10013011,0.47761306,0.036593918,4
48.0,19.0,0.19839306,0.14181839,0.2293578,0.14798546,0.27124023,-0.21877348,6
48.0,20.0,0.17760825,0.137758,0.22703545,0.14790477,0.2990792,-0.35991392,3
48.0,21.0,0.21925831,0.123097435,0.20068468,0.124148905,0.32453543,0.13815854,2
48.0,23.0,0.17377281,0.12671608,0.23768544,0.12919469,0.3197894,-0.43527523,3
48.0,24.0,0.21317734,0.14850333,0.25817695,0.15520966,0.21113673,-0.3133102,2
48.0,26.0,0.057908818,0.04298619,0.11157428,0.07226821,0.7099491,-0.4549712,1
48.0,27.0,0.28416067,0.14878604,0.22324125,0.17550255,0.16183402,0.3491806,1
48.0,29.0,0.342452,0.17560513,0.29224876,0.16964756,0.007096,0.38602102,1
49.0,1.0,0.297524,0.16687655,0.21960834,0.14058684,0.16780998,0.633342,38
49.0,2.0,0.25114536,0.14873773,0.22160664,0.13783826,0.23221907,0.25056517,23
49.0,3.0,0.24632213,0.15074605,0.22688068,0.13644838,0.23088486,0.19012515,18
49.0,4.0,0.25697485,0.15989618,0.24812825,0.14895035,0.1775363,0.10564024,24
49.0,5.0,0.24183917,0.15649685,0.24521863,0.14611809,0.20127834,0.019849116,28
49.0,6.0,0.2273844,0.15891063,0.24182129,0.15415375,0.20923845,-0.07538691,12
49.0,7.0,0.24512397,0.16496709,0.26046404,0.15648821,0.16334565,-0.068667196,14
49.0,8.0,0.25609532,0.16947033,0.26463768,0.16481753,0.13486616,-0.03136184,12
49.0,9.0,0.2050705,0.14159404,0.23405954,0.1412173,0.26953512,-0.19005415,13
49.0,10.0,0.16467926,0.13910945,0.15854223,0.108263955,0.42345005,0.14357716,20
49.0,11.0,0.19431138,0.1425605,0.22238143,0.13498779,0.29662368,-0.16159077,12
49.0,12.0,0.22861357,0.15114278,0.22473255,0.15620676,0.23311073,0.015665121,2
49.0,13.0,0.23403661,0.16462667,0.2704718,0.16354057,0.15757863,-0.23956405,6
49.0,14.0,0.2147999,0.15271239,0.23474781,0.15782975,0.2292986,-0.14067009,6
49.0,15.0,0.22086416,0.14573918,0.25880235,0.15785947,0.20576024,-0.28673476,11
49.0,16.0,0.21850511,0.14772055,0.21380481,0.14476193,0.268626,0.045393255,1
49.0,17.0,0.21619618,0.14828648,0.25687456,0.15666224,0.21227922,-0.2967001,3
49.0,18.0,0.19961834,0.14052531,0.21522054,0.15063618,0.28318363,-0.12314544,5
49.0,19.0,0.18575232,0.13685688,0.23065501,0.14653543,0.29127035,-0.3329031,4
49.0,20.0,0.27923313,0.17145604,0.3320595,0.19538265,0.0077729896,-0.4216696,3
49.0,21.0,0.26975614,0.16115761,0.33504635,0.18437313,0.036962833,-0.5102579,2
49.0,24.0,0.017273787,0.05287553,0.007724715,0.0024153956,0.91815406,0.21918593,1
49.0,26.0,0.2989056,0.1632336,0.24659567,0.17037857,0.111884214,0.35460907,1
49.0,27.0,0.19581583,0.12535113,0.17516029,0.11783241,0.3807469,0.17395633,1
49.0,28.0,0.30812225,0.15904553,0.2644074,0.1730383,0.081311464,0.28415114,2
49.0,29.0,0.35287973,0.15643649,0.28594187,0.16943128,0.023971345,0.44172642,1
49.0,34.0,0.30488908,0.15825675,0.26912722,0.16076925,0.095055625,0.24970214,1
49.0,35.0,0.23834127,0.15866874,0.2212513,0.20255134,0.17124721,-0.012059716,1
50.0,1.0,0.3011749,0.1663104,0.21792132,0.14692128,0.16034779,0.64907044,47
50.0,2.0,0.25337654,0.15010804,0.2212161,0.14054683,0.22647342,0.26416373,23
50.0,3.0,0.2375497,0.15445878,0.23556913,0.14711304,0.21693794,0.04642346,21
50.0,4.0,0.23042259,0.14806631,0.2184426,0.14575896,0.24978292,0.100218244,17
50.0,5.0,0.25431406,0.16370595,0.2621877,0.15895078,0.15166101,-0.02868131,17
50.0,6.0,0.2507886,0.16599648,0.2524755,0.16688138,0.15475406,-0.0025432536,27
50.0,7.0,0.23220117,0.15885332,0.25362945,0.15554465,0.19125067,-0.12891892,21
50.0,8.0,0.22446005,0.15895617,0.245444,0.15748748,0.20513235,-0.13124608,21
50.0,9.0,0.16100381,0.12623857,0.16288294,0.12222085,0.42127612,0.0077651637,14
50.0,10.0,0.16700329,0.1608898,0.18992189,0.11996141,0.3558195,-0.029367745,19
50.0,11.0,0.113203965,0.09165458,0.12579206,0.092007354,0.43866655,-0.08037599,15
50.0,12.0,0.22768803,0.15289477,0.2584427,0.16185494,0.19055137,-0.23271938,7
50.0,13.0,0.24260712,0.16546834,0.2636618,0.17369264,0.1459329,-0.16261011,4
50.0,14.0,0.24078207,0.16733916,0.2998693,0.19016643,0.09058083,-0.46776244,7
50.0,15.0,0.21932292,0.14795223,0.23241584,0.17108406,0.21952215,-0.14801027,7
50.0,16.0,0.18800348,0.12866062,0.21059956,0.14241272,0.3221671,-0.19018722,4
50.0,17.0,0.21394919,0.15486394,0.2604041,0.17152649,0.18908192,-0.36131814,3
50.0,18.0,0.22021946,0.14355905,0.24945064,0.16413867,0.21219416,-0.25472426,7
50.0,20.0,0.19250591,0.12281382,0.21486254,0.12741779,0.33263782,-0.15686642,3
50.0,21.0,0.32744327,0.1591324,0.3062403,0.18980744,0.004074747,0.07361877,1
50.0,22.0,0.15838195,0.122234926,0.15387374,0.13760701,0.4220973,-0.0093125515,4
50.0,24.0,0.20090543,0.14485063,0.2370789,0.150795,0.25302276,-0.25199777,1
50.0,25.0,0.040394533,0.06190251,0.028176323,0.049889673,0.8164827,0.12566318,3
50.0,26.0,0.18122847,0.11269783,0.19023646,0.10808642,0.39276856,-0.022312684,1
50.0,27.0,0.07256422,0.10186807,0.048228875,0.1049352,0.6677094,0.16693842,1
50.0,31.0,0.23975767,0.14999457,0.2072098,0.12144757,0.27048254,0.32469922,1
51.0,1.0,0.3063602,0.16288441,0.22641851,0.1475728,0.1486666,0.61487573,43
51.0,2.0,0.23731917,0.14274481,0.22545683,0.13125052,0.2550663,0.12799655,12
51.0,3.0,0.22801119,0.14773643,0.23105565,0.13919444,0.24627122,0.01363809,17
51.0,4.0,0.22417414,0.14846069,0.21824035,0.13993964,0.2612932,0.07701968,20
51.0,5.0,0.21971098,0.14523798,0.23328632,0.13923351,0.25403702,-0.06519821,15
51.0,6.0,0.20632009,0.14855248,0.23733395,0.1459966,0.25248954,-0.1959148,15
51.0,7.0,0.24946608,0.1679381,0.2791611,0.16625856,0.12826465,-0.1917575,18
51.0,8.0,0.2161576,0.15871839,0.2543082,0.15366468,0.20860614,-0.24079856,14
51.0,9.0,0.2341109,0.16384158,0.27980784,0.16055258,0.14967543,-0.29237616,13
51.0,10.0,0.21706308,0.1492801,0.24608181,0.15420559,0.22471316,-0.2061817,15
51.0,11.0,0.16724098,0.12730674,0.18547818,0.12649699,0.38588065,-0.11524054,8
51.0,12.0,0.24408859,0.16270168,0.2978352,0.1723684,0.11256798,-0.39228034,12
51.0,13.0,0.25884464,0.17179781,0.3113385,0.18796875,0.05881768,-0.4027207,6
51.0,14.0,0.18809266,0.13919842,0.2210215,0.13460448,0.30928934,-0.20887955,5
51.0,15.0,0.2186284,0.14464305,0.24763915,0.1612216,0.2170212,-0.23831913,4
51.0,16.0,0.19638917,0.12931165,0.21699902,0.13492623,0.31399003,-0.15086772,5
51.0,17.0,0.27785203,0.16993265,0.32582912,0.19841933,0.014773202,-0.40403354,3
51.0,18.0,0.275904,0.17428532,0.33174664,0.1840491,0.019101126,-0.3963792,1
51.0,19.0,0.12994114,0.09872996,0.17127165,0.09581524,0.48959893,-0.25327957,1
51.0,20.0,0.22427034,0.13229044,0.26048782,0.15323289,0.2206102,-0.30489805,3
51.0,21.0,0.21991186,0.1469652,0.27038628,0.16133663,0.19057062,-0.3844031,2
51.0,22.0,0.25707775,0.15949178,0.3007348,0.1889201,0.08359411,-0.3816963,2
51.0,23.0,0.13730983,0.11584005,0.16773716,0.12340329,0.44683015,-0.22107084,1
51.0,24.0,0.15409084,0.09600768,0.16816942,0.08679928,0.48350653,-0.052480657,2
52.0,1.0,0.2600106,0.1489504,0.20133273,0.12964307,0.2533187,0.47593474,31
52.0,2.0,0.23876135,0.14606196,0.21645932,0.14019266,0.25047475,0.18362021,18
52.0,3.0,0.21618684,0.13491426,0.20392363,0.12880611,0.30886093,0.11266688,21
52.0,4.0,0.19418606,0.13018276,0.1852,0.12561747,0.35796794,0.08535057,14
52.0,5.0,0.2692772,0.16840267,0.28198594,0.16536115,0.10422151,-0.065225914,15
52.0,6.0,0.21392012,0.15463679,0.2423975,0.14590347,0.23489302,-0.1627142,12
52.0,7.0,0.23039104,0.15624514,0.2566327,0.15477198,0.19284922,-0.16742358,25
52.0,8.0,0.20872813,0.14518203,0.24985836,0.14427315,0.24376582,-0.27543452,12
52.0,9.0,0.17584737,0.12298025,0.19984125,0.121349774,0.37217346,-0.15224029,16
52.0,10.0,0.230352,0.15463576,0.27402854,0.15978196,0.17271595,-0.3106973,21
52.0,11.0,0.2557955,0.1603327,0.30332917,0.17595594,0.09325528,-0.3648424,6
52.0,12.0,0.1901031,0.1363463,0.24183716,0.13435502,0.28677538,-0.34133098,6
52.0,13.0,0.2464148,0.1602099,0.31084463,0.1708984,0.10075801,-0.4692776,6
52.0,14.0,0.18099114,0.13449882,0.21592374,0.13825119,0.32261887,-0.24706192,5
52.0,15.0,0.26799503,0.16728735,0.31273317,0.19134164,0.04965333,-0.37290254,7
52.0,16.0,0.26963332,0.16706412,0.31564936,0.18662465,0.050806306,-0.36977363,1
52.0,17.0,0.24658464,0.1677122,0.34687075,0.19452564,0.032408115,-0.7681747,1
52.0,18.0,0.19583772,0.13237715,0.25486594,0.15387514,0.25331384,-0.46409866,2
52.0,19.0,0.16492136,0.11820461,0.15803607,0.106008045,0.44590306,0.09250948,2
52.0,20.0,0.26756343,0.16758958,0.29760233,0.2020611,0.057813738,-0.31088558,1
52.0,21.0,0.27992493,0.16165715,0.3131178,0.18676719,0.04316897,-0.28532928,2
52.0,22.0,0.31237972,0.16231264,0.3265108,0.17296435,0.0132088205,-0.11493736,1
52.0,23.0,0.16415755,0.12084779,0.18001403,0.13978656,0.38868922,-0.16104913,2
52.0,24.0,0.09566363,0.09646247,0.12863918,0.09095695,0.58230686,-0.2050612,1
53.0,1.0,0.27202186,0.15120913,0.22073197,0.13887887,0.20966502,0.4018617,24
53.0,2.0,0.20546077,0.13008238,0.17393874,0.11995432,0.36367273,0.25832713,13
53.0,3.0,0.25884274,0.16220307,0.27377078,0.16486087,0.13103928,-0.10193431,26
53.0,4.0,0.2536012,0.16030875,0.2640382,0.16050918,0.1519552,-0.06175327,25
53.0,5.0,0.21618986,0.14520931,0.22795686,0.14121716,0.25984067,-0.05712946,15
53.0,6.0,0.21374732,0.15023582,0.24484959,0.14611906,0.23532754,-0.19282813,22
53.0,7.0,0.2325074,0.15713584,0.26438007,0.15705428,0.18045789,-0.21334337,21
53.0,8.0,0.21602947,0.15496813,0.2615186,0.15519442,0.20266192,-0.30664483,24
53.0,9.0,0.17983876,0.1331422,0.23027791,0.14501765,0.30338764,-0.37773967,14
53.0,10.0,0.18390457,0.12768921,0.20630111,0.124300405,0.35077947,-0.13865109,19
53.0,11.0,0.21192308,0.15158187,0.27457926,0.16015908,0.19081989,-0.4499566,7
53.0,12.0,0.21452586,0.14270659,0.2522593,0.16018264,0.22118473,-0.30650863,6
53.0,13.0,0.1561715,0.11259411,0.19759305,0.12215923,0.4038383,-0.30970854,8
53.0,14.0,0.23882468,0.15682015,0.2896044,0.17510033,0.12935497,-0.39955226,6
53.0,15.0,0.21514934,0.14950544,0.2727869,0.1689406,0.18301566,-0.44892916,8
53.0,16.0,0.24703369,0.16445975,0.34040275,0.19294459,0.043567408,-0.725067,1
53.0,17.0,0.25434968,0.16930735,0.31902108,0.19375329,0.050757468,-0.51070124,6
53.0,18.0,0.21091597,0.1525122,0.2739449,0.16441576,0.18632008,-0.461506,6
53.0,19.0,0.2517056,0.16941223,0.34825265,0.20784876,0.008581596,-0.77364206,2
53.0,21.0,0.30938402,0.16841896,0.3246593,0.17475969,0.0082994,-0.10735012,1
53.0,23.0,0.25402313,0.15321743,0.30032784,0.17306176,0.10593187,-0.3669576,2
53.0,24.0,0.2890812,0.1587464,0.31269023,0.18403447,0.04389834,-0.22901636,1
53.0,29.0,0.28658277,0.1554752,0.32355082,0.18840885,0.032841083,-0.34477693,1
54.0,1.0,0.28174022,0.14300656,0.23640957,0.14982668,0.18114485,0.3052169,37
54.0,2.0,0.23344834,0.12956023,0.23104496,0.14613366,0.25208604,-0.024203693,20
54.0,3.0,0.2250447,0.13355252,0.23459625,0.14169693,0.25563586,-0.079024,13
54.0,4.0,0.22452693,0.13353257,0.24620639,0.14527826,0.24110188,-0.17485023,24
54.0,5.0,0.24527015,0.1485536,0.27889255,0.1651138,0.15269116,-0.27332667,22
54.0,6.0,0.2384128,0.15113729,0.28235987,0.16800767,0.15020777,-0.34581518,22
54.0,7.0,0.24578835,0.15390751,0.28213418,0.16831985,0.14066613,-0.28678733,19
54.0,8.0,0.19506645,0.1333641,0.2569615,0.15146525,0.2544522,-0.47625667,16
54.0,9.0,0.23613816,0.14992875,0.28486037,0.17342463,0.14672075,-0.40079087,13
54.0,10.0,0.17016274,0.11064243,0.17956299,0.12280091,0.41065687,-0.095970996,21
54.0,11.0,0.23681666,0.1483399,0.29235247,0.1774496,0.13398969,-0.46284413,7
54.0,12.0,0.20701991,0.13383023,0.25927266,0.15082057,0.24009283,-0.4074264,7
54.0,13.0,0.22396086,0.13974085,0.26907697,0.16703752,0.19041641,-0.38720345,4
54.0,14.0,0.17314796,0.12766607,0.22024463,0.15396433,0.3161362,-0.39859858,6
54.0,15.0,0.224687,0.13629569,0.2874449,0.17634869,0.16473983,-0.5472892,9
54.0,16.0,0.11583596,0.0778055,0.17149,0.092003055,0.5342956,-0.42800513,3
54.0,17.0,0.12977827,0.099624135,0.18165725,0.10725459,0.47451416,-0.37757692,3
54.0,18.0,0.2467606,0.14920287,0.33592382,0.1968971,0.05827849,-0.7522311,3
54.0,19.0,0.2261668,0.14827502,0.2884917,0.18342571,0.14272782,-0.53045315,4
54.0,20.0,0.23959747,0.14170896,0.28319043,0.18868628,0.13679637,-0.43546456,5
54.0,21.0,0.3072044,0.14926781,0.31608728,0.20676474,0.006663461,-0.21765934,1
54.0,23.0,0.2657229,0.14055762,0.3056464,0.18569808,0.09219789,-0.40501496,1
54.0,31.0,0.2933378,0.14145054,0.25328425,0.17947814,0.12210023,0.17493084,1
55.0,1.0,0.28497508,0.14246699,0.24856886,0.15200222,0.16380258,0.23471522,47
55.0,2.0,0.25031173,0.13825198,0.25420952,0.15150644,0.17384405,-0.062500276,43
55.0,3.0,0.21315983,0.12558758,0.23371354,0.14092141,0.27813622,-0.18056214,20
55.0,4.0,0.23563299,0.14092733,0.27291942,0.16303296,0.17849422,-0.3168265,21
55.0,5.0,0.20581277,0.124897055,0.2309585,0.14008246,0.2900919,-0.21201926,37
55.0,6.0,0.2184032,0.13634025,0.25472587,0.1530612,0.22846287,-0.29372442,25
55.0,7.0,0.21300979,0.14124481,0.2617051,0.15327547,0.22252496,-0.36788374,20
55.0,8.0,0.20623052,0.13738957,0.27391717,0.15795594,0.2157257,-0.52513987,23
55.0,9.0,0.22539379,0.13769215,0.26625127,0.1599965,0.20184495,-0.342681,13
55.0,10.0,0.20777906,0.13287319,0.25833762,0.15573846,0.23647349,-0.41133454,21
55.0,11.0,0.1736152,0.11805026,0.21459047,0.14302269,0.3432685,-0.35593116,10
55.0,12.0,0.22171599,0.13221458,0.29403403,0.16250634,0.1802421,-0.5896363,8
55.0,13.0,0.23146856,0.14158973,0.30018014,0.16578826,0.14917412,-0.53986704,5
55.0,14.0,0.22939333,0.13939206,0.29736197,0.1720754,0.15077864,-0.56091386,10
55.0,15.0,0.22427675,0.1293426,0.29477388,0.16942343,0.17040862,-0.5998383,7
55.0,16.0,0.20472698,0.12793685,0.2647158,0.16486652,0.22750731,-0.51812524,6
55.0,17.0,0.1754119,0.114411175,0.22467263,0.14174135,0.33376676,-0.41355714,5
55.0,18.0,0.22386023,0.13962346,0.28840956,0.16780621,0.16972464,-0.526711,2
55.0,19.0,0.026669785,0.0380998,0.012831338,0.026042504,0.8946961,0.13304803,1
55.0,20.0,0.21071008,0.1260575,0.2585898,0.1664297,0.22829656,-0.4454974,4
55.0,22.0,0.27049768,0.1465585,0.36446494,0.19701421,0.005483252,-0.7884337,1
55.0,23.0,0.29205692,0.15134951,0.33090663,0.18816055,0.026600622,-0.37152156,1
55.0,25.0,0.008092878,0.021889258,0.005167817,0.0019431848,0.96177286,0.08093409,1
55.0,26.0,0.2832304,0.14587277,0.3168044,0.19859606,0.039949067,-0.3731737,2
55.0,27.0,0.16236803,0.09744241,0.19908752,0.1198301,0.41157743,-0.30928972,1
55.0,33.0,0.2124089,0.1343177,0.20665516,0.12851208,0.30668873,0.06358803,1
56.0,1.0,0.25856915,0.13418376,0.23030637,0.14516355,0.22381805,0.1726445,42
56.0,2.0,0.23852493,0.13315123,0.24712321,0.14766826,0.22411709,-0.09352004,32
56.0,3.0,0.22576946,0.13142642,0.24730672,0.14877322,0.23804466,-0.19417518,12
56.0,4.0,0.23235616,0.13580994,0.26387328,0.15298642,0.20556216,-0.26170543,23
56.0,5.0,0.19509779,0.12007474,0.23398095,0.13522024,0.30665952,-0.30648276,15
56.0,6.0,0.24200292,0.14803065,0.28376332,0.17117196,0.14575893,-0.35193336,25
56.0,7.0,0.22618991,0.13813323,0.27553618,0.1572687,0.19313313,-0.39226198,17
56.0,8.0,0.21819752,0.14138557,0.27437016,0.16297705,0.19395337,-0.44754153,15
56.0,9.0,0.18824655,0.12567249,0.24911374,0.15337467,0.27506572,-0.499519,16
56.0,10.0,0.19702736,0.124575235,0.24437097,0.14872931,0.2776939,-0.39584836,17
56.0,11.0,0.20816007,0.13152143,0.26264757,0.15428886,0.23439181,-0.44169074,5
56.0,12.0,0.20888546,0.13125876,0.2677911,0.16096096,0.22113359,-0.49310327,7
56.0,13.0,0.20251378,0.123115025,0.25020418,0.15567099,0.25954515,-0.4234571,7
56.0,14.0,0.21826893,0.12765433,0.27138957,0.16867675,0.20449704,-0.48624584,9
56.0,15.0,0.2387619,0.14524774,0.30816513,0.1830811,0.11301935,-0.5877164,10
56.0,16.0,0.19454269,0.13194889,0.25800583,0.16352403,0.24169397,-0.5281608,6
56.0,17.0,0.20491382,0.12730208,0.28268892,0.15979016,0.2126698,-0.6259722,5
56.0,18.0,0.25297028,0.14474249,0.3356712,0.19954222,0.056086905,-0.73321253,2
56.0,19.0,0.20558971,0.1452743,0.26604337,0.15521185,0.21637167,-0.44342828,1
56.0,20.0,0.26105937,0.15064552,0.36102134,0.19924246,0.013949914,-0.8298116,1
56.0,21.0,0.20859782,0.13171057,0.28301874,0.17097968,0.19423251,-0.6241453,6
56.0,23.0,0.21855286,0.13320902,0.2848514,0.17225528,0.17764877,-0.5647862,2
56.0,24.0,0.2722561,0.1481929,0.289339,0.20031504,0.07895624,-0.26601064,1
56.0,28.0,0.22836164,0.13425754,0.20827983,0.14499426,0.27371207,0.11541737,1
56.0,30.0,0.24501728,0.13932233,0.27642095,0.1590064,0.16463056,-0.26194113,1
56.0,32.0,0.33043182,0.13763544,0.3134942,0.18223803,0.022668073,-0.007390406,1
56.0,40.0,0.34125656,0.13524471,0.29569948,0.20594831,0.006809884,0.12206967,1
57.0,1.0,0.2466933,0.12978157,0.21704496,0.14137314,0.25738043,0.1801002,24
57.0,2.0,0.27702463,0.15107752,0.2898636,0.17158994,0.10009215,-0.14120114,25
57.0,3.0,0.24723531,0.15054497,0.28583202,0.1662424,0.13979451,-0.30562842,25
57.0,4.0,0.26456663,0.15448493,0.3046635,0.17632765,0.09006551,-0.3353316,24
57.0,5.0,0.23481324,0.14306143,0.2661094,0.1624679,0.18367292,-0.26532185,15
57.0,6.0,0.22705826,0.14376628,0.26551828,0.16172707,0.19310722,-0.3136979,16
57.0,7.0,0.2144205,0.13820152,0.27321172,0.15890045,0.20685425,-0.46472153,19
57.0,8.0,0.23639114,0.14275995,0.2778706,0.16963409,0.16372612,-0.360372,14
57.0,9.0,0.24332468,0.15360434,0.30615395,0.17806329,0.109508246,-0.50379056,13
57.0,10.0,0.22630878,0.1381083,0.27074942,0.16654825,0.18990965,-0.38805366,14
57.0,11.0,0.21341605,0.13681631,0.27913234,0.16450383,0.1965913,-0.53337204,6
57.0,12.0,0.20558698,0.12173833,0.25483385,0.15220633,0.25478467,-0.42331186,10
57.0,13.0,0.21931082,0.13846828,0.28331453,0.1746775,0.17541632,-0.55042183,9
57.0,14.0,0.14668821,0.10055215,0.1914855,0.12902905,0.42423803,-0.39024976,11
57.0,15.0,0.22043166,0.14158356,0.31493402,0.18208781,0.12822068,-0.766909,10
57.0,16.0,0.199061,0.12404989,0.26283735,0.16031924,0.24402137,-0.54645264,5
57.0,17.0,0.21344855,0.13734436,0.2919679,0.17345539,0.17267135,-0.6473175,4
57.0,18.0,0.16334367,0.12159501,0.24318635,0.13078223,0.33100182,-0.5724086,1
57.0,19.0,0.20393479,0.12836502,0.27569667,0.17141561,0.21071851,-0.62122154,3
57.0,20.0,0.23717865,0.13646951,0.29904974,0.1810405,0.13374889,-0.5524259,5
57.0,21.0,0.17134002,0.1093605,0.23943779,0.112707116,0.3533306,-0.46285757,1
57.0,22.0,0.26031935,0.13804434,0.31359628,0.18826485,0.087816335,-0.5114128,3
57.0,23.0,0.25548616,0.1446406,0.3331839,0.19283389,0.061517525,-0.6749758,1
57.0,24.0,0.01833938,0.029244509,0.0101665985,0.0339869,0.90661925,0.043575615,1
57.0,27.0,0.03781649,0.03147036,0.08364867,0.09085356,0.75316924,-0.49802297,1
57.0,28.0,0.2976383,0.1339979,0.34337866,0.19409993,0.017035725,-0.48480356,1
57.0,29.0,0.31012505,0.13631155,0.33081913,0.19730593,0.01125104,-0.3123971,2
57.0,31.0,0.0072987564,0.026074434,0.006110798,0.0021475,0.95237464,0.08734756,1
58.0,1.0,0.2562521,0.13382113,0.23311204,0.14633268,0.22319788,0.13079017,22
58.0,2.0,0.22887185,0.1302805,0.23584755,0.14641282,0.25008088,-0.08893094,15
58.0,3.0,0.24967839,0.14891356,0.302179,0.16836572,0.12120147,-0.41615504,32
58.0,4.0,0.2353493,0.14151703,0.27619565,0.16328396,0.17407288,-0.34041464,25
58.0,5.0,0.22295184,0.13525586,0.26223952,0.15263614,0.21802664,-0.31737143,25
58.0,6.0,0.23330371,0.14194849,0.27718806,0.16526543,0.17266735,-0.36849892,20
58.0,7.0,0.23141229,0.14712055,0.2929792,0.16611843,0.15285577,-0.47738752,12
58.0,8.0,0.17984454,0.123459265,0.23318668,0.14030722,0.3156497,-0.41646588,23
58.0,9.0,0.24495083,0.15534653,0.32110795,0.18027826,0.08882566,-0.5982824,11
58.0,10.0,0.22729668,0.13870913,0.29197717,0.16742001,0.16478686,-0.52795744,17
58.0,11.0,0.23383158,0.14683792,0.31820354,0.18053126,0.110444434,-0.6817762,6
58.0,12.0,0.17999935,0.119644485,0.261187,0.15060665,0.27971756,-0.6529597,5
58.0,13.0,0.24730489,0.13932446,0.31199798,0.18527044,0.1042157,-0.5780759,4
58.0,14.0,0.1879261,0.11036152,0.23039414,0.14828038,0.31341344,-0.4001394,4
58.0,15.0,0.18905582,0.11957029,0.25096166,0.15446748,0.27547413,-0.5268968,9
58.0,16.0,0.22882067,0.14122863,0.32974374,0.18835676,0.09907339,-0.833898,6
58.0,17.0,0.1353397,0.10959582,0.19784881,0.12719798,0.4230259,-0.4840676,2
58.0,18.0,0.23380828,0.14482127,0.31429577,0.18835516,0.107486166,-0.6852949,3
58.0,19.0,0.26527557,0.1420729,0.34345925,0.2080892,0.027828384,-0.7317201,2
58.0,20.0,0.21362565,0.1225794,0.28020498,0.17698425,0.19754045,-0.6217362,3
58.0,21.0,0.22931187,0.12485325,0.2779566,0.16192967,0.19458348,-0.4373388,2
58.0,22.0,0.2522858,0.13527085,0.31671962,0.18525186,0.098212846,-0.5860894,2
58.0,23.0,0.20033196,0.12678972,0.25371885,0.14757754,0.2602759,-0.42687237,1
58.0,25.0,0.2521587,0.13126042,0.33864304,0.19431512,0.071936354,-0.7839539,1
58.0,27.0,0.00816654,0.029609334,0.008791639,0.0046126195,0.94629604,0.073689446,1
58.0,29.0,0.32312268,0.13018222,0.32495502,0.18385576,0.026325662,-0.16281664,1
58.0,30.0,0.13332854,0.060851105,0.12485112,0.10103633,0.57353127,-0.05251348,1
59.0,1.0,0.30297938,0.1501346,0.28490752,0.17063096,0.081866376,0.07451351,32
59.0,2.0,0.26615337,0.14577955,0.29045096,0.17315786,0.11515247,-0.24349712,16
59.0,3.0,0.2096484,0.13387914,0.25255674,0.15647876,0.23902236,-0.3590076,19
59.0,4.0,0.23092434,0.13725448,0.27160662,0.16174026,0.18875416,-0.34791428,40
59.0,5.0,0.22898759,0.13726924,0.2712043,0.16083714,0.19243844,-0.35632548,29
59.0,6.0,0.23249452,0.14523466,0.28513664,0.16838227,0.15909569,-0.42748642,24
59.0,7.0,0.21370815,0.13994507,0.2680708,0.1614249,0.20774725,-0.435033,25
59.0,8.0,0.1969701,0.13320792,0.26373762,0.15935303,0.23747523,-0.5348661,21
59.0,9.0,0.22632292,0.14376312,0.29600927,0.16737567,0.156296,-0.5466931,27
59.0,10.0,0.22616377,0.13939662,0.29289073,0.17376785,0.15905859,-0.5620567,23
59.0,11.0,0.18601713,0.12355825,0.2543154,0.15732916,0.27009547,-0.57064635,13
59.0,12.0,0.22354981,0.12764534,0.28441948,0.17190376,0.18377005,-0.5520637,10
59.0,13.0,0.16618948,0.111549966,0.25655082,0.14189512,0.3149037,-0.7152412,11
59.0,14.0,0.19847687,0.13188677,0.29069918,0.16991298,0.19912022,-0.75142694,6
59.0,15.0,0.20854713,0.123727545,0.27138525,0.16481067,0.22109342,-0.5515807,9
59.0,16.0,0.22647732,0.14327876,0.3324098,0.18914808,0.09582036,-0.8649777,4
59.0,17.0,0.2512334,0.14599252,0.33626056,0.19822708,0.05333051,-0.73206973,2
59.0,18.0,0.25249848,0.14703742,0.36665058,0.20513678,0.014501859,-0.95560145,2
59.0,19.0,0.16081014,0.10844836,0.21361996,0.13180268,0.37507927,-0.4286857,4
59.0,20.0,0.2765529,0.14520657,0.33689442,0.19296512,0.037762385,-0.5564075,2
59.0,21.0,0.23698018,0.13676971,0.3001143,0.17854314,0.13472904,-0.55302674,3
59.0,22.0,0.21039371,0.1239826,0.28840634,0.16790242,0.19769149,-0.6637009,3
59.0,24.0,0.25858486,0.14310202,0.36608762,0.20900625,0.005603155,-0.9277468,2
59.0,25.0,0.01293783,0.022130804,0.011095854,0.009389726,0.94206625,0.05392151,1
59.0,29.0,0.22030781,0.116649374,0.23328614,0.15845372,0.2594622,-0.20694248,1
60.0,1.0,0.28567877,0.14324804,0.2739087,0.16202609,0.12645932,0.033867415,37
60.0,2.0,0.25296,0.14478388,0.28041255,0.1615394,0.15096247,-0.23293562,19
60.0,3.0,0.23623233,0.1386467,0.27557707,0.16353133,0.17718011,-0.34160224,24
60.0,4.0,0.21250288,0.12656969,0.25026256,0.14681688,0.2558586,-0.31701973,25
60.0,5.0,0.21898496,0.13664825,0.27523592,0.16127953,0.19920455,-0.45914468,28
60.0,6.0,0.2001243,0.12425598,0.23606946,0.14426963,0.28649074,-0.3020154,13
60.0,7.0,0.22717685,0.13868286,0.2959292,0.16838771,0.1611089,-0.5612884,22
60.0,8.0,0.22259428,0.14481209,0.31263632,0.1768321,0.13364208,-0.7157803,11
60.0,9.0,0.20245098,0.12809777,0.26896918,0.16200046,0.22995149,-0.55804133,16
60.0,10.0,0.18531905,0.11364741,0.2384432,0.14146473,0.31389654,-0.44826156,29
60.0,11.0,0.21522997,0.13640097,0.30782345,0.17078938,0.15925044,-0.7405448,17
60.0,12.0,0.2027067,0.12175687,0.27061078,0.16063887,0.23657353,-0.5866507,10
60.0,13.0,0.20275971,0.1297043,0.30458903,0.16999394,0.18238649,-0.8242545,10
60.0,14.0,0.19014327,0.118416764,0.27114466,0.16427669,0.24695575,-0.6966264,6
60.0,15.0,0.21921873,0.12842526,0.3094595,0.17460121,0.1565191,-0.7573503,7
60.0,16.0,0.19346555,0.12240919,0.28428605,0.16706644,0.22194012,-0.7579438,7
60.0,17.0,0.14409156,0.09852929,0.21862315,0.13790043,0.39234912,-0.63045806,6
60.0,18.0,0.16132176,0.106704146,0.21585557,0.13090658,0.37640625,-0.44652748,4
60.0,19.0,0.1736562,0.11493148,0.24848348,0.15380466,0.29864582,-0.6276308,4
60.0,20.0,0.20603618,0.117501006,0.29776016,0.15606214,0.21193323,-0.74751234,5
60.0,21.0,0.2735105,0.14257468,0.34973463,0.19546027,0.02795052,-0.68337685,3
60.0,22.0,0.26773474,0.13751471,0.36831558,0.18735212,0.02657052,-0.8393768,2
60.0,23.0,0.22958314,0.12955835,0.3000743,0.17263076,0.15689617,-0.61326194,2
60.0,24.0,0.0124356225,0.033935923,0.013347762,0.018738067,0.91961807,0.040162567,1
60.0,26.0,0.22412062,0.123323,0.3200408,0.18966259,0.13152722,-0.86070704,1
60.0,27.0,0.24079765,0.12929614,0.35116905,0.20426227,0.063059956,-0.98776835,1
60.0,34.0,0.21755522,0.1121677,0.24220829,0.19158258,0.22403519,-0.4028743,1
61.0,1.0,0.26337978,0.1388893,0.26087105,0.15871319,0.1710488,-0.037775256,87
61.0,2.0,0.1959759,0.11179817,0.22329529,0.12906139,0.33329985,-0.23758093,14
61.0,3.0,0.17319216,0.11191004,0.22665037,0.12760657,0.35447446,-0.4162765,18
61.0,4.0,0.21046458,0.12887363,0.26036763,0.15305147,0.24040624,-0.4154239,16
61.0,5.0,0.23065612,0.14354274,0.29323784,0.16888079,0.15659982,-0.5087156,15
61.0,6.0,0.2195106,0.13888875,0.29143444,0.16190837,0.18103877,-0.5672197,23
61.0,7.0,0.2334942,0.14615431,0.30594328,0.17026737,0.13622,-0.57330275,14
61.0,8.0,0.2142879,0.13875242,0.29273486,0.16656208,0.18031299,-0.6257229,17
61.0,9.0,0.19469056,0.13056765,0.27830032,0.16152772,0.22828643,-0.67270947,8
61.0,10.0,0.23071335,0.13846816,0.31042552,0.17570376,0.13729882,-0.6637372,22
61.0,11.0,0.24328133,0.14319107,0.3162735,0.17511134,0.113887385,-0.6031079,10
61.0,12.0,0.21840265,0.13450283,0.33014926,0.17950149,0.12931506,-0.9130399,9
61.0,13.0,0.20257673,0.12563187,0.28919318,0.16784127,0.20750365,-0.72888356,11
61.0,14.0,0.17524713,0.11052343,0.26343277,0.15528429,0.28807732,-0.7463743,12
61.0,15.0,0.12306861,0.0841825,0.18297112,0.12117078,0.48360246,-0.5274887,5
61.0,16.0,0.14214861,0.08616587,0.19596875,0.1204082,0.4497634,-0.47749794,2
61.0,17.0,0.2556815,0.14383794,0.35668477,0.2019864,0.0321189,-0.8744634,5
61.0,18.0,0.1607756,0.09856603,0.23427,0.15367244,0.3466584,-0.67625725,4
61.0,19.0,0.24691355,0.14821935,0.31499833,0.20288494,0.07898497,-0.6399191,2
61.0,20.0,0.21351972,0.12544158,0.26726165,0.17508723,0.21135253,-0.52074826,4
61.0,21.0,0.24930467,0.14013052,0.29536304,0.19017768,0.11752861,-0.47233257,2
61.0,22.0,0.19814314,0.10808605,0.24645226,0.14632322,0.29380816,-0.44782293,3
61.0,24.0,0.19387363,0.12401592,0.26541248,0.16316123,0.24263021,-0.61162233,1
61.0,25.0,0.011267891,0.020602599,0.016216226,0.039326433,0.90895325,-0.09229378,1
61.0,26.0,0.2074916,0.13198194,0.22751807,0.15600963,0.2686493,-0.21007675,1
61.0,28.0,0.19133268,0.11768279,0.23749347,0.13872099,0.30703962,-0.37568584,1
62.0,1.0,0.2742868,0.1395954,0.26072472,0.1672831,0.15142852,0.016818747,20
62.0,2.0,0.26161578,0.14403194,0.30582708,0.17582029,0.104803026,-0.399119,40
62.0,3.0,0.17580022,0.10850974,0.22079077,0.13474196,0.3540987,-0.3890795,16
62.0,4.0,0.21696207,0.13226146,0.28085646,0.15965986,0.20324111,-0.5238851,18
62.0,5.0,0.24872477,0.15029705,0.3295529,0.184359,0.07955429,-0.6622255,17
62.0,6.0,0.1995715,0.12856193,0.26328272,0.1571436,0.24498038,-0.5263188,19
62.0,7.0,0.22781426,0.14266346,0.31791374,0.17665826,0.12774982,-0.7271852,29
62.0,8.0,0.21663462,0.14102545,0.3126268,0.17189199,0.15067971,-0.7590197,18
62.0,9.0,0.18747386,0.12258564,0.27329507,0.1518217,0.25856355,-0.6835083,16
62.0,10.0,0.21113746,0.12788583,0.27516866,0.1564451,0.22259504,-0.528424,17
62.0,11.0,0.16681345,0.11284917,0.25089484,0.14453812,0.31815353,-0.6776243,13
62.0,12.0,0.1978895,0.11547671,0.26437825,0.15821482,0.25688237,-0.58854824,9
62.0,13.0,0.17337541,0.11304007,0.23841196,0.15946288,0.30966967,-0.5910053,4
62.0,14.0,0.19184832,0.122378014,0.28466442,0.16786037,0.22538917,-0.78123546,6
62.0,15.0,0.21210955,0.12744969,0.304305,0.18113305,0.16644807,-0.79996896,6
62.0,16.0,0.24398799,0.13939123,0.36104456,0.20249873,0.043530907,-1.0031182,6
62.0,17.0,0.24117923,0.13703673,0.3470287,0.20220792,0.06300994,-0.93001205,6
62.0,18.0,0.22316408,0.1322031,0.3193662,0.19308752,0.12271408,-0.8502583,3
62.0,19.0,0.1659431,0.09850182,0.21561295,0.15105975,0.3623523,-0.49977586,2
62.0,20.0,0.22360314,0.13815549,0.31049395,0.1852255,0.13272244,-0.74078345,4
62.0,21.0,0.17316882,0.10113606,0.30939758,0.14592487,0.26026377,-1.0771339,2
62.0,22.0,0.2498052,0.12947685,0.35559916,0.18939023,0.06292032,-0.90351295,1
62.0,23.0,0.11970086,0.0756785,0.170457,0.10635554,0.5218958,-0.44313478,4
62.0,24.0,0.1191183,0.060988814,0.12480199,0.10012488,0.5907936,-0.1525069,2
62.0,26.0,0.27456993,0.12517737,0.33645397,0.19119595,0.06440329,-0.6269805,1
62.0,27.0,0.044276502,0.03132978,0.05393211,0.045468554,0.82281595,-0.108732305,1
63.0,1.0,0.22682905,0.11875476,0.22066997,0.14510702,0.28372306,-0.033684704,23
63.0,2.0,0.23497385,0.1346562,0.27001277,0.16967902,0.18456589,-0.34592554,15
63.0,3.0,0.22820655,0.13526508,0.28706786,0.17029005,0.17339215,-0.51447135,52
63.0,4.0,0.21424584,0.12759928,0.27126333,0.16044332,0.22126198,-0.49546945,24
63.0,5.0,0.22696021,0.1382498,0.29014632,0.17353953,0.16537163,-0.54574174,19
63.0,6.0,0.19989197,0.13464369,0.27960768,0.16723748,0.2134847,-0.65361935,15
63.0,7.0,0.25726762,0.14726886,0.3321406,0.18788691,0.06952417,-0.64394766,14
63.0,8.0,0.20694007,0.13696928,0.29637742,0.17411107,0.18002425,-0.7349048,33
63.0,9.0,0.21957894,0.13408759,0.3067809,0.17618461,0.15765578,-0.7335933,18
63.0,10.0,0.18808123,0.1135301,0.25005627,0.15127493,0.29244864,-0.5447914,19
63.0,11.0,0.23784943,0.1450182,0.3422143,0.19680986,0.071489125,-0.8840578,8
63.0,12.0,0.14392628,0.09184759,0.21376707,0.1266519,0.4183568,-0.5926737,12
63.0,13.0,0.19376642,0.12045888,0.28661358,0.16982363,0.223498,-0.7955836,9
63.0,14.0,0.15881245,0.09706736,0.23042536,0.13809979,0.37045375,-0.6233085,3
63.0,15.0,0.15427598,0.09528214,0.23143126,0.14044036,0.3731606,-0.6733616,7
63.0,16.0,0.24911867,0.13689344,0.33969402,0.19856557,0.06763128,-0.8138281,7
63.0,17.0,0.27606305,0.13838014,0.35814673,0.20309074,0.01591181,-0.7641127,1
63.0,18.0,0.20038208,0.124499306,0.31653422,0.19196086,0.15936993,-1.011956,5
63.0,19.0,0.12808053,0.09232173,0.19434778,0.14261109,0.43694878,-0.6110086,6
63.0,20.0,0.21274565,0.11508896,0.2874407,0.17911531,0.1994649,-0.7128218,3
63.0,22.0,0.25265676,0.12620705,0.32581455,0.18937206,0.09806677,-0.69964135,2
63.0,23.0,0.24466847,0.123744845,0.35616627,0.20440987,0.062938675,-1.0198219,1
63.0,24.0,0.007654739,0.014452933,0.01758326,0.002831962,0.9524306,-0.04197598,1
63.0,25.0,0.273656,0.13229296,0.3509377,0.21002866,0.025976809,-0.77714896,1
63.0,27.0,0.0056180703,0.015084666,0.023030452,0.0018920255,0.95050555,-0.08211094,1
64.0,1.0,0.26806745,0.13170725,0.26197237,0.16320442,0.16897234,-0.05091168,26
64.0,2.0,0.2612346,0.14834699,0.3122317,0.18273708,0.0885803,-0.45922604,20
64.0,3.0,0.24196929,0.14308022,0.308952,0.18206574,0.1169304,-0.58321184,21
64.0,4.0,0.21993735,0.13103756,0.28344706,0.16822708,0.19116408,-0.5543321,53
64.0,5.0,0.24142835,0.142403,0.30595836,0.17330801,0.13033056,-0.5432434,20
64.0,6.0,0.21120179,0.12938549,0.27249506,0.16342707,0.21771209,-0.52965385,24
64.0,7.0,0.21797775,0.1383872,0.3196473,0.17711572,0.1406282,-0.8260259,17
64.0,8.0,0.1877051,0.12062874,0.26326397,0.15945911,0.26348275,-0.64574754,16
64.0,9.0,0.23210852,0.14705826,0.33869642,0.18225701,0.092781454,-0.84891164,21
64.0,10.0,0.17253181,0.10764037,0.2310362,0.13707094,0.34664208,-0.49649808,26
64.0,11.0,0.17647342,0.114506245,0.25475422,0.1478401,0.298885,-0.65263385,9
64.0,12.0,0.22933023,0.13171321,0.31841362,0.18035594,0.13224545,-0.7661623,8
64.0,13.0,0.16581756,0.10519199,0.2455533,0.14896832,0.32806224,-0.6889732,11
64.0,14.0,0.12831502,0.08494295,0.20913993,0.124557845,0.44780082,-0.6849315,8
64.0,15.0,0.22245166,0.12199073,0.29781038,0.1839537,0.16619638,-0.71326137,9
64.0,16.0,0.18008147,0.11796137,0.27696475,0.18508558,0.23333968,-0.8789095,7
64.0,17.0,0.21479762,0.11922221,0.31933913,0.18082224,0.15786955,-0.91381913,5
64.0,18.0,0.13501945,0.08231731,0.22254325,0.13770716,0.4173095,-0.7788743,4
64.0,19.0,0.25935358,0.13756566,0.3673904,0.20871532,0.017667904,-0.9697363,3
64.0,20.0,0.22569245,0.12756594,0.34441006,0.19005968,0.10287017,-1.0165474,4
64.0,21.0,0.24757133,0.13702834,0.3595174,0.20190087,0.044657327,-0.97617316,2
64.0,22.0,0.22259235,0.12105335,0.29197216,0.1686339,0.18844792,-0.62517667,2
64.0,24.0,0.24885026,0.123160325,0.3653338,0.20426182,0.047501087,-1.0540221,2
64.0,26.0,0.26461825,0.12290647,0.31680563,0.21647659,0.071382545,-0.6528695,1
64.0,27.0,0.09941564,0.08122129,0.13287199,0.14779317,0.53557503,-0.4334362,1
64.0,28.0,0.22392434,0.1105961,0.28130308,0.17348553,0.20225991,-0.5870592,3
64.0,31.0,0.29794842,0.12019649,0.35782737,0.19999136,0.010715668,-0.6525935,1
65.0,1.0,0.22383426,0.119959116,0.24649099,0.15249395,0.2514203,-0.25385788,28
65.0,2.0,0.2229216,0.12867135,0.27666172,0.16769585,0.19775313,-0.4917368,22
65.0,3.0,0.24201697,0.13921,0.29530945,0.18190864,0.13511202,-0.50050056,16
65.0,4.0,0.16582316,0.10360314,0.19919172,0.14369495,0.38325503,-0.35176998,9
65.0,5.0,0.21892175,0.13276657,0.29788423,0.17864834,0.16499837,-0.6898807,69
65.0,6.0,0.20082827,0.13450463,0.30002406,0.18133533,0.17739123,-0.8329223,17
65.0,7.0,0.21423039,0.13387233,0.29756922,0.17762208,0.17056106,-0.7129547,19
65.0,8.0,0.2104786,0.13230798,0.31130758,0.18327534,0.15644042,-0.85726374,21
65.0,9.0,0.21040146,0.13011737,0.31688976,0.1733194,0.16292061,-0.8734629,15
65.0,10.0,0.18323167,0.115410805,0.25922254,0.16102841,0.27536651,-0.668427,24
65.0,11.0,0.20551777,0.12982966,0.31833118,0.18704924,0.15212859,-0.96172976,15
65.0,12.0,0.2125871,0.12342764,0.32406023,0.18791036,0.1434394,-0.9742345,11
65.0,13.0,0.19057366,0.11615481,0.30021712,0.1757851,0.21011737,-0.94571143,15
65.0,14.0,0.17253946,0.10615283,0.27381617,0.16722618,0.27388394,-0.8941429,4
65.0,15.0,0.16580798,0.103245184,0.26189813,0.16125633,0.29982206,-0.8410218,11
65.0,16.0,0.19000639,0.115438454,0.30321476,0.18418276,0.1997738,-0.9976818,14
65.0,17.0,0.22933686,0.13079514,0.3313172,0.19338955,0.10745957,-0.900039,3
65.0,18.0,0.26799342,0.13404226,0.35655043,0.21728532,0.01507555,-0.8673528,3
65.0,19.0,0.20055753,0.11888471,0.30121577,0.16980985,0.2020305,-0.8509805,2
65.0,20.0,0.113389045,0.08013294,0.16646726,0.14709793,0.48914003,-0.57123184,1
65.0,21.0,0.19205599,0.107330985,0.26502696,0.16694786,0.2613615,-0.68766314,6
65.0,22.0,0.26826787,0.12788682,0.34843093,0.20387673,0.043540448,-0.7885469,2
65.0,24.0,0.21625367,0.12534708,0.32494357,0.19089308,0.13340974,-0.95660734,2
65.0,28.0,0.20636667,0.10567506,0.2509523,0.17322186,0.2551394,-0.5146987,1
66.0,1.0,0.24606813,0.13187823,0.26765975,0.1731434,0.17515299,-0.27384913,171
66.0,2.0,0.22556148,0.13053776,0.289435,0.17417273,0.17409088,-0.5773315,13
66.0,3.0,0.23247042,0.14216736,0.31782162,0.18618217,0.11472933,-0.72869384,13
66.0,4.0,0.21843748,0.13651161,0.2896948,0.18375663,0.16540164,-0.638823,18
66.0,5.0,0.19653617,0.12560691,0.2765768,0.16464444,0.2306737,-0.6767401,11
66.0,6.0,0.2250975,0.14211161,0.31703237,0.19307767,0.116275124,-0.79466295,53
66.0,7.0,0.19110146,0.12991157,0.29178828,0.17502362,0.2063314,-0.8392865,20
66.0,8.0,0.16425921,0.11183048,0.25399858,0.15353592,0.311121,-0.75147957,14
66.0,9.0,0.17231198,0.12224021,0.2784161,0.1685843,0.25329834,-0.8815401,7
66.0,10.0,0.18552591,0.11415038,0.2779811,0.16188554,0.25468314,-0.78881663,15
66.0,11.0,0.1574539,0.103357434,0.23963341,0.14836787,0.34435737,-0.71339715,11
66.0,12.0,0.20765117,0.12625057,0.3196975,0.19214803,0.1473497,-0.9814708,9
66.0,13.0,0.22177729,0.1327955,0.35358635,0.19644256,0.08762973,-1.1127758,10
66.0,14.0,0.18941133,0.1153759,0.29226983,0.17327796,0.22234364,-0.8950153,6
66.0,15.0,0.16690563,0.10483458,0.26537928,0.17023595,0.28638828,-0.88581425,11
66.0,16.0,0.18393853,0.11614893,0.29230747,0.18375471,0.21700259,-0.96001816,7
66.0,17.0,0.24038164,0.13129671,0.31466734,0.20951055,0.09622563,-0.75386405,4
66.0,18.0,0.26815823,0.13774292,0.34833127,0.23049979,0.0066406713,-0.8369043,1
66.0,19.0,0.18566364,0.111696444,0.28356108,0.18144345,0.23047136,-0.8908982,6
66.0,20.0,0.25224927,0.1316404,0.37949598,0.22138852,0.0051415917,-1.1583793,1
66.0,21.0,0.026532225,0.042998947,0.05092604,0.08295452,0.794675,-0.29139787,1
66.0,22.0,0.26421428,0.12459394,0.32503855,0.20710073,0.07117395,-0.67529106,2
66.0,23.0,0.11109352,0.078531645,0.16268346,0.11921747,0.523933,-0.48377246,2
66.0,24.0,0.24377312,0.11831967,0.354035,0.18908657,0.08535433,-0.9777072,1
66.0,25.0,0.07158164,0.04371338,0.052803595,0.06633415,0.76305157,0.06459994,1
67.0,1.0,0.23382209,0.1265187,0.25838667,0.16826358,0.20694743,-0.2969371,30
67.0,2.0,0.22993208,0.13343313,0.29995036,0.18096101,0.1490805,-0.63301826,130
67.0,3.0,0.20517796,0.1256099,0.2715767,0.17315996,0.21783334,-0.6069375,21
67.0,4.0,0.23977573,0.14470261,0.31418154,0.19473363,0.10006391,-0.67138964,13
67.0,5.0,0.23158315,0.14491826,0.3265797,0.19707203,0.093194395,-0.82090193,9
67.0,6.0,0.18653503,0.12708892,0.29433966,0.17791043,0.20811602,-0.90676415,14
67.0,7.0,0.22469243,0.14041233,0.33713767,0.19513984,0.09578999,-0.9508449,40
67.0,8.0,0.20861733,0.13644269,0.32010308,0.19050005,0.137814,-0.942955,16
67.0,9.0,0.2467986,0.14973572,0.35898927,0.20741352,0.030039012,-0.95746225,11
67.0,10.0,0.1697167,0.11001797,0.26393133,0.16079117,0.29002416,-0.8119829,16
67.0,11.0,0.13732995,0.09903058,0.22529276,0.14760228,0.38550782,-0.76173145,6
67.0,12.0,0.1529124,0.09860745,0.25872368,0.15809439,0.32576427,-0.9198126,11
67.0,13.0,0.20568042,0.11306186,0.2947575,0.17685694,0.20310822,-0.81677806,10
67.0,14.0,0.24180463,0.13403267,0.36147892,0.20749731,0.046767965,-1.0611649,5
67.0,15.0,0.17453508,0.1102963,0.27411273,0.17550653,0.25864056,-0.89291644,12
67.0,16.0,0.19685192,0.11636774,0.3048168,0.18532707,0.18954933,-0.96232986,7
67.0,17.0,0.15737689,0.099097304,0.25713018,0.16330527,0.31665054,-0.8906254,7
67.0,18.0,0.20648843,0.123629205,0.30789125,0.19532596,0.15932359,-0.9244559,8
67.0,19.0,0.13782765,0.09125766,0.21903507,0.16420412,0.38213557,-0.78747165,5
67.0,20.0,0.27127048,0.13638157,0.33553782,0.22089028,0.027993558,-0.70361626,2
67.0,21.0,0.13742274,0.11389804,0.2192959,0.18634272,0.3375461,-0.7897036,2
67.0,23.0,0.14549033,0.095915966,0.2319829,0.15109633,0.37138116,-0.77106375,1
67.0,24.0,0.27986178,0.11876524,0.3592432,0.21111074,0.02271755,-0.83181334,1
67.0,25.0,0.2498394,0.11493534,0.34211498,0.21151428,0.07407688,-0.9374518,1
67.0,28.0,0.15290846,0.0943904,0.24901918,0.13927254,0.35906148,-0.8052796,1
67.0,29.0,0.124390736,0.032618117,0.0991017,0.06892622,0.67172104,0.06939468,1
68.0,1.0,0.26864657,0.13867456,0.30239132,0.18404467,0.09911515,-0.3737134,21
68.0,2.0,0.24909894,0.14542188,0.34044832,0.20040469,0.05699326,-0.8072201,9
68.0,3.0,0.21919578,0.13320945,0.30758125,0.18474783,0.14848498,-0.7750714,104
68.0,4.0,0.2032077,0.122438826,0.28257364,0.17090462,0.21394065,-0.70339596,20
68.0,5.0,0.21371265,0.13515215,0.31466895,0.18730517,0.1425019,-0.86564225,17
68.0,6.0,0.21426691,0.13035193,0.30061686,0.18294819,0.16555236,-0.76352423,18
68.0,7.0,0.2216801,0.1367334,0.33741203,0.19461118,0.10303498,-0.9853029,11
68.0,8.0,0.21114102,0.13148461,0.3120966,0.18729962,0.15123883,-0.8764413,45
68.0,9.0,0.1812409,0.121511415,0.29814038,0.17620075,0.21702954,-0.9836982,10
68.0,10.0,0.18487188,0.112651095,0.26887602,0.17030545,0.25794008,-0.76194274,14
68.0,11.0,0.21327521,0.1318395,0.33651656,0.19339927,0.11764262,-1.0482985,7
68.0,12.0,0.19900326,0.11810592,0.29052114,0.19151036,0.1941844,-0.8645347,9
68.0,13.0,0.1961588,0.118194275,0.31136185,0.18466114,0.18276764,-1.0067259,14
68.0,14.0,0.23721758,0.13005397,0.34832093,0.20965554,0.06672923,-1.0197003,11
68.0,15.0,0.18718153,0.110603586,0.29906136,0.18126418,0.21494202,-0.9975339,9
68.0,16.0,0.17269212,0.097220115,0.2533811,0.15344757,0.31728444,-0.73558086,6
68.0,17.0,0.10057078,0.06733146,0.16831541,0.10181564,0.5537886,-0.5854473,4
68.0,18.0,0.144929,0.09188476,0.24562971,0.15700269,0.35451832,-0.90240514,8
68.0,19.0,0.24603204,0.1325604,0.38085154,0.21764213,0.013518538,-1.1995779,3
68.0,20.0,0.24970564,0.12863132,0.37093133,0.21565196,0.025788076,-1.1138866,2
68.0,21.0,0.21987881,0.12234493,0.30703136,0.19529998,0.14750229,-0.83351654,3
68.0,22.0,0.27828288,0.13712597,0.34866977,0.2170027,0.009664499,-0.73493165,1
68.0,23.0,0.14891252,0.08784425,0.25327507,0.18390715,0.3196461,-1.0191807,2
68.0,24.0,0.27814263,0.11675059,0.35748675,0.21282047,0.026924606,-0.8452517,1
68.0,25.0,0.2838337,0.11617422,0.3511869,0.23391336,0.0064117084,-0.825885,1
68.0,26.0,0.042450495,0.0532783,0.05888798,0.11136613,0.7303368,-0.29112437,1
68.0,28.0,0.25737652,0.10694818,0.34509826,0.21803354,0.063352756,-0.9514606,1
68.0,30.0,0.26070324,0.11589864,0.37258968,0.23343737,0.005924617,-1.1392571,1
68.0,32.0,0.0050493474,0.014500224,0.017405678,0.002284316,0.9242442,-0.10487763,1
69.0,1.0,0.26088426,0.1352841,0.295328,0.18497622,0.11705234,-0.3915994,24
69.0,2.0,0.20330077,0.12343416,0.28567538,0.17318787,0.20806314,-0.7268279,11
69.0,3.0,0.19226457,0.11666947,0.27822164,0.16690288,0.23826231,-0.7566767,16
69.0,4.0,0.21126898,0.1303568,0.30539206,0.19013613,0.15675262,-0.83902687,108
69.0,5.0,0.20501465,0.124501176,0.29616788,0.18049408,0.1879419,-0.80734354,11
69.0,6.0,0.20664412,0.13056792,0.31517437,0.18796234,0.15331104,-0.9326305,6
69.0,7.0,0.14146079,0.103016,0.22671528,0.15514286,0.3691762,-0.7533426,11
69.0,8.0,0.1729645,0.11507919,0.27279305,0.16958587,0.26431614,-0.8637104,12
69.0,9.0,0.19557753,0.12442224,0.30141348,0.18444069,0.1882244,-0.9219195,32
69.0,10.0,0.20905648,0.12480919,0.3076205,0.19239818,0.16006477,-0.89301217,15
69.0,11.0,0.21617931,0.13674095,0.35967886,0.20271644,0.07758649,-1.2039835,13
69.0,12.0,0.183311,0.119748235,0.28148445,0.18796462,0.22103938,-0.89407355,4
69.0,13.0,0.19079629,0.10861155,0.29896033,0.1793214,0.21628912,-0.9710568,5
69.0,14.0,0.19539076,0.11460768,0.3261785,0.18949738,0.16749968,-1.1411116,13
69.0,15.0,0.17855614,0.11292681,0.32814962,0.19141996,0.18217242,-1.2838231,4
69.0,16.0,0.17674026,0.11960171,0.30586416,0.19148496,0.20002654,-1.1210234,5
69.0,17.0,0.17564785,0.106939435,0.29755452,0.18230918,0.23176435,-1.0790013,7
69.0,18.0,0.15358223,0.10316808,0.26974964,0.18480392,0.28231585,-1.0602379,6
69.0,19.0,0.22559355,0.12957555,0.39494807,0.22858009,0.012034386,-1.484026,2
69.0,20.0,0.20858142,0.117764436,0.33026367,0.19281958,0.142767,-1.0784693,5
69.0,23.0,0.24960174,0.1134212,0.35386539,0.20861675,0.06651055,-1.0179987,2
69.0,24.0,0.2730469,0.114916466,0.36695027,0.2171868,0.020500109,-0.9650621,1
69.0,27.0,0.0069788285,0.018265465,0.014887734,0.015061452,0.9423666,-0.046865083,1
69.0,28.0,0.2950346,0.10680868,0.3418004,0.24236959,0.00612895,-0.73457867,1
69.0,29.0,0.25774056,0.11071602,0.37207848,0.24422473,0.0058669704,-1.2030646,1
70.0,1.0,0.23310831,0.1251836,0.28310975,0.18134955,0.1712133,-0.5188703,29
70.0,2.0,0.22341612,0.1329053,0.31295714,0.18846528,0.13571525,-0.79560393,18
70.0,3.0,0.19567725,0.121059224,0.27744177,0.17643586,0.2199267,-0.74626005,13
70.0,4.0,0.21193072,0.1292034,0.31664756,0.19246964,0.14383848,-0.9234189,18
70.0,5.0,0.19351383,0.12501314,0.29583928,0.1858938,0.19407295,-0.8995332,113
70.0,6.0,0.17441893,0.11422715,0.26557443,0.16976014,0.27066487,-0.80612105,15
70.0,7.0,0.1964473,0.12525722,0.31187773,0.19032636,0.17017648,-1.0044922,14
70.0,8.0,0.1803841,0.12344436,0.32615614,0.18721925,0.17692545,-1.211907,17
70.0,9.0,0.19786617,0.12840317,0.32166702,0.19261673,0.15351106,-1.0593413,10
70.0,10.0,0.16810656,0.107709624,0.2738524,0.17148443,0.27320364,-0.9328568,60
70.0,11.0,0.20921545,0.131482,0.34634745,0.20551214,0.1002961,-1.1832356,10
70.0,12.0,0.18865915,0.11473807,0.32822514,0.19584633,0.1659445,-1.222387,6
70.0,13.0,0.21171892,0.12557866,0.35585383,0.20380431,0.09610876,-1.2449628,9
70.0,14.0,0.15571079,0.106217526,0.28975496,0.18471622,0.2576731,-1.1743289,4
70.0,15.0,0.17470522,0.10967114,0.28991333,0.19265962,0.22626482,-1.0587648,7
70.0,16.0,0.19463678,0.11587787,0.34257013,0.20665117,0.13207537,-1.3116767,4
70.0,17.0,0.11767866,0.07892223,0.22466004,0.14510389,0.4282221,-0.9491683,5
70.0,18.0,0.16328335,0.09509708,0.2575364,0.16131283,0.30638084,-0.8788708,4
70.0,19.0,0.22600107,0.13578208,0.3921626,0.23374258,0.002990845,-1.4568348,1
70.0,20.0,0.2046847,0.10267363,0.3027562,0.17954521,0.20353588,-0.9181992,5
70.0,21.0,0.1340001,0.09588169,0.2494653,0.17605461,0.3391517,-1.0475609,3
70.0,22.0,0.2283248,0.11605378,0.37273833,0.2198799,0.053825002,-1.3261538,1
70.0,25.0,0.10931665,0.072956264,0.18677032,0.16093934,0.4662202,-0.8064871,2
70.0,26.0,0.24707171,0.10794274,0.39448866,0.23348089,0.007231421,-1.4080617,1
70.0,27.0,0.038992856,0.048282523,0.073135756,0.13540582,0.70020604,-0.500449,1
71.0,1.0,0.23104095,0.1237966,0.2775791,0.18162347,0.17985818,-0.49967507,58
71.0,2.0,0.2142946,0.13127096,0.32057744,0.19645503,0.13097572,-0.94019926,13
71.0,3.0,0.23190124,0.1357191,0.32507244,0.20596266,0.094546735,-0.86421996,10
71.0,4.0,0.21838272,0.13391586,0.31334445,0.1994612,0.12885356,-0.8631072,12
71.0,5.0,0.2006188,0.12535836,0.32454014,0.1853809,0.15803337,-1.0480753,13
71.0,6.0,0.21324979,0.1358717,0.33248967,0.2045419,0.10756358,-1.0411015,106
71.0,7.0,0.2071499,0.12875442,0.3308843,0.19129281,0.13556863,-1.054897,10
71.0,8.0,0.20488538,0.13384521,0.33330512,0.19720203,0.12449912,-1.0899739,16
71.0,9.0,0.17603855,0.11027094,0.2984547,0.17963022,0.23032384,-1.0656261,5
71.0,10.0,0.18622427,0.1199573,0.31360328,0.19010483,0.18410268,-1.103196,16
71.0,11.0,0.21603052,0.1348442,0.35411313,0.21013348,0.077643454,-1.1946725,27
71.0,12.0,0.21570744,0.12841174,0.36992857,0.20848407,0.07006427,-1.3222749,7
71.0,13.0,0.17494603,0.10730843,0.3125063,0.17149703,0.22702041,-1.1560633,5
71.0,14.0,0.09582739,0.08001699,0.18506575,0.16185658,0.47310525,-0.8719719,4
71.0,15.0,0.1610851,0.103317894,0.27987653,0.1772773,0.2720775,-1.0545933,5
71.0,16.0,0.18862325,0.11478017,0.31111062,0.20322146,0.17556162,-1.123742,9
71.0,17.0,0.18657622,0.11522851,0.3129581,0.2004462,0.17847368,-1.1412504,5
71.0,18.0,0.14790554,0.088583626,0.26208287,0.1788245,0.3171249,-1.0695097,4
71.0,19.0,0.20982392,0.11873648,0.3434891,0.20563929,0.115298346,-1.1961983,4
71.0,20.0,0.15183999,0.094363086,0.26635456,0.17419302,0.30670467,-1.0422695,3
71.0,21.0,0.25439405,0.12502018,0.37799746,0.21925955,0.014918198,-1.1487442,2
71.0,22.0,0.26582822,0.12560038,0.36340034,0.23271699,0.004305008,-1.0058954,1
71.0,24.0,0.12543492,0.08472333,0.2161936,0.17485826,0.39151368,-0.90306276,3
71.0,25.0,0.20085755,0.11438698,0.3191438,0.2045645,0.15399432,-1.1020014,1
71.0,27.0,0.15884808,0.08765595,0.24425174,0.20024842,0.30372062,-0.9377068,2
72.0,1.0,0.22419024,0.12056376,0.27899972,0.18422414,0.1854177,-0.57631844,19
72.0,2.0,0.19786067,0.1197172,0.29734352,0.18937951,0.18943343,-0.90695703,41
72.0,3.0,0.2006078,0.12424427,0.31406856,0.19631413,0.15816636,-1.0123358,19
72.0,4.0,0.2090344,0.13412286,0.32445878,0.21033089,0.11581167,-1.0372069,17
72.0,5.0,0.1956916,0.12153996,0.31793547,0.19566303,0.16297531,-1.0786494,13
72.0,6.0,0.20630948,0.13127288,0.35594884,0.20809953,0.09162219,-1.2786703,17
72.0,7.0,0.1910552,0.123390354,0.32355493,0.19857654,0.15714303,-1.1538898,105
72.0,8.0,0.20430689,0.13078739,0.36578763,0.20772338,0.08480315,-1.362081,11
72.0,9.0,0.19667372,0.12735438,0.3521813,0.20692606,0.11000539,-1.3285329,8
72.0,10.0,0.16580778,0.10620666,0.2816663,0.18258703,0.25831893,-1.0431607,17
72.0,11.0,0.16733387,0.11148306,0.31104565,0.19702819,0.20704457,-1.2656677,8
72.0,12.0,0.18169598,0.11064184,0.33000013,0.19564235,0.17515802,-1.2954179,24
72.0,13.0,0.11715841,0.07819244,0.22002321,0.15365179,0.42543602,-0.9495546,4
72.0,14.0,0.17016834,0.10896093,0.3204014,0.20941329,0.1849141,-1.3557625,3
72.0,15.0,0.17107604,0.105811894,0.31532627,0.20060475,0.20120057,-1.2951719,8
72.0,16.0,0.20347552,0.119123876,0.37888518,0.22718486,0.063370965,-1.5556699,5
72.0,17.0,0.20278665,0.11898179,0.3757933,0.22197871,0.0726298,-1.522253,8
72.0,18.0,0.15030792,0.10361401,0.2974799,0.19818798,0.24398607,-1.3140649,4
72.0,19.0,0.18031612,0.11239332,0.32623374,0.20919764,0.16517162,-1.3119719,2
72.0,20.0,0.2453227,0.12416073,0.3826836,0.22036923,0.020665407,-1.2518921,1
72.0,21.0,0.11445304,0.07845102,0.16442037,0.12719376,0.5100318,-0.49442166,2
72.0,22.0,0.22300613,0.11659548,0.39831918,0.22930872,0.023453655,-1.5668437,2
72.0,23.0,0.19506615,0.10404676,0.3453411,0.21158777,0.13564578,-1.3767215,2
72.0,24.0,0.24339408,0.114539385,0.37738577,0.23920539,0.016791198,-1.3117318,2
72.0,25.0,0.16011736,0.103102185,0.2642401,0.19445118,0.27054876,-1.0021241,1
72.0,26.0,0.26941985,0.1068317,0.33953553,0.23608795,0.041174293,-0.8804128,1
72.0,30.0,0.23669027,0.10268165,0.39014977,0.23358731,0.027246272,-1.4704479,1
72.0,39.0,0.23267841,0.08532317,0.25136903,0.2730005,0.1485997,-0.70101804,1
73.0,1.0,0.23619796,0.12716818,0.30258182,0.2031661,0.12392337,-0.69483835,11
73.0,2.0,0.18514314,0.10953653,0.2762652,0.1778673,0.24508008,-0.8442524,10
73.0,3.0,0.19710854,0.1199254,0.3030991,0.1951377,0.1781213,-0.96996033,27
73.0,4.0,0.19812334,0.12415841,0.3182033,0.20359664,0.14958856,-1.0797791,17
73.0,5.0,0.19212773,0.12528175,0.32916328,0.20793763,0.13887134,-1.2085034,16
73.0,6.0,0.1922833,0.12151906,0.30688676,0.2003705,0.17264059,-1.041269,16
73.0,7.0,0.19182064,0.1235826,0.321646,0.20527253,0.15151936,-1.1554728,13
73.0,8.0,0.1803376,0.11913583,0.32153583,0.19722183,0.1754629,-1.2238902,96
73.0,9.0,0.17506257,0.113970906,0.3189325,0.19397645,0.1903507,-1.2523724,15
73.0,10.0,0.20082435,0.12180112,0.3260504,0.21233022,0.13225028,-1.1507155,10
73.0,11.0,0.19979388,0.12159887,0.3522539,0.2134605,0.105187945,-1.3458735,4
73.0,12.0,0.23656408,0.124577135,0.3817675,0.23191053,0.017396508,-1.3409524,3
73.0,13.0,0.17280203,0.11042279,0.31949142,0.2076326,0.18311886,-1.3210285,24
73.0,14.0,0.19187404,0.11640147,0.3341425,0.22086406,0.12972695,-1.3109815,10
73.0,15.0,0.17111275,0.10196749,0.3066676,0.19787033,0.21594095,-1.2376732,7
73.0,16.0,0.1931989,0.11095276,0.3543949,0.2127887,0.121185,-1.4351015,8
73.0,17.0,0.21760772,0.12908307,0.38817585,0.25119638,0.004780196,-1.561965,2
73.0,18.0,0.15135638,0.094275,0.27746058,0.19288217,0.27802202,-1.1790351,7
73.0,19.0,0.19048636,0.108513124,0.34288082,0.22174783,0.12862879,-1.4096589,3
73.0,20.0,0.17854528,0.11165011,0.3402783,0.21350014,0.14829956,-1.4393079,5
73.0,21.0,0.116984546,0.08470566,0.25337908,0.17309189,0.36641222,-1.2173582,1
73.0,22.0,0.25545424,0.11074464,0.37167203,0.24745438,0.006361934,-1.2248863,1
73.0,24.0,0.22776707,0.107901335,0.4155489,0.22334507,0.014374515,-1.6569245,1
73.0,26.0,0.16217971,0.07045016,0.27375376,0.16645238,0.31707016,-1.0618848,2
73.0,30.0,0.26982352,0.0919583,0.35863876,0.26547217,0.0051793302,-1.1448127,1
73.0,31.0,0.20212016,0.0926302,0.34590325,0.21202984,0.13548152,-1.3678962,1
74.0,1.0,0.21276836,0.11702025,0.27812675,0.1917959,0.1931666,-0.6834338,12
74.0,2.0,0.17255872,0.10758376,0.26345542,0.1838556,0.26678625,-0.86698365,13
74.0,3.0,0.16752912,0.1039326,0.2598996,0.1781909,0.28474417,-0.87003016,11
74.0,4.0,0.17694917,0.11387545,0.29122397,0.19670328,0.2154206,-1.0501958,23
74.0,5.0,0.201274,0.13011302,0.35977748,0.21379367,0.0882582,-1.3612257,9
74.0,6.0,0.16567186,0.118547894,0.29316306,0.20118734,0.21551505,-1.1423526,10
74.0,7.0,0.18213305,0.11767666,0.32730156,0.19928952,0.1658421,-1.2662305,11
74.0,8.0,0.20309512,0.13594969,0.38849226,0.22698648,0.03821582,-1.5711781,10
74.0,9.0,0.17379917,0.11919148,0.3350397,0.20838791,0.15722959,-1.3978232,79
74.0,10.0,0.16530539,0.10631189,0.31055507,0.19097047,0.22110447,-1.2721715,11
74.0,11.0,0.15506397,0.10849875,0.31126982,0.19538014,0.22354497,-1.3548931,6
74.0,12.0,0.18961781,0.11278755,0.3562423,0.20997073,0.12420793,-1.4609585,8
74.0,13.0,0.20262043,0.12056524,0.37140694,0.22394729,0.07379621,-1.4953866,6
74.0,14.0,0.16798615,0.11097158,0.3302934,0.21561031,0.16802937,-1.4528829,18
74.0,15.0,0.15988576,0.09887185,0.3054862,0.1983452,0.23088728,-1.3178766,4
74.0,16.0,0.14816463,0.09565149,0.28266278,0.19489773,0.27234715,-1.2408437,10
74.0,17.0,0.12476184,0.08871651,0.23760836,0.19540405,0.3487003,-1.110144,3
74.0,18.0,0.13779889,0.096100606,0.2407943,0.1999861,0.31938636,-1.03723,3
74.0,19.0,0.15239063,0.09237196,0.29308552,0.1964795,0.25867426,-1.3008142,9
74.0,20.0,0.1487974,0.08150341,0.2666195,0.16183458,0.3347585,-1.0691243,3
74.0,21.0,0.2219528,0.11744093,0.35307792,0.23056144,0.069276005,-1.2593952,3
74.0,22.0,0.21443865,0.10485715,0.38735664,0.23410663,0.05045241,-1.6014194,2
74.0,24.0,0.090499245,0.06749201,0.19457425,0.18621334,0.4568615,-1.0858704,2
74.0,25.0,0.22535627,0.099534206,0.38011917,0.24217464,0.043607634,-1.5202599,3
75.0,1.0,0.22144338,0.12655778,0.3203383,0.20800073,0.11696299,-0.9383692,9
75.0,2.0,0.22891545,0.133937,0.35798654,0.22297578,0.048431866,-1.1747268,14
75.0,3.0,0.2074211,0.13405626,0.3639913,0.21647409,0.07073367,-1.3455331,7
75.0,4.0,0.1835517,0.121983334,0.32108384,0.20791575,0.15884492,-1.2228725,10
75.0,5.0,0.16742599,0.114724144,0.30468875,0.1977169,0.20940353,-1.2109331,37
75.0,6.0,0.17732516,0.11369032,0.3370259,0.2032356,0.16272368,-1.3878604,8
75.0,7.0,0.18373302,0.123243,0.34391853,0.21075138,0.13200457,-1.3844006,10
75.0,8.0,0.16463955,0.11057025,0.31466407,0.19607568,0.20788592,-1.3092865,16
75.0,9.0,0.19853716,0.13277014,0.40907577,0.22324851,0.02915005,-1.7465513,7
75.0,10.0,0.17281206,0.111774035,0.33013272,0.2032854,0.17577179,-1.3771423,100
75.0,11.0,0.1888137,0.12527929,0.38993987,0.22277714,0.06525406,-1.7039739,7
75.0,12.0,0.17894407,0.11067264,0.36374143,0.21491173,0.12409727,-1.6095057,10
75.0,13.0,0.1947495,0.11835811,0.38307413,0.2183193,0.07765013,-1.6218096,5
75.0,14.0,0.19740385,0.12091724,0.38384914,0.2321689,0.05788223,-1.6423222,3
75.0,15.0,0.18577062,0.109254025,0.3504868,0.21606278,0.13127206,-1.4750537,24
75.0,16.0,0.1458865,0.09813979,0.26857236,0.19771829,0.2831324,-1.1595198,4
75.0,17.0,0.165507,0.1078419,0.3417377,0.22091733,0.15703742,-1.5734203,9
75.0,18.0,0.124178685,0.07579325,0.2225783,0.17241059,0.3991369,-0.9812487,2
75.0,19.0,0.18396004,0.10869682,0.37654725,0.22209148,0.100900024,-1.6896936,6
75.0,20.0,0.17101292,0.098955505,0.28864095,0.21763204,0.21810961,-1.1814691,3
75.0,21.0,0.1715493,0.101906866,0.32965884,0.21481514,0.1734937,-1.454594,3
75.0,22.0,0.08664145,0.074321546,0.21903713,0.15794793,0.45696574,-1.1753016,1
75.0,23.0,0.2201378,0.101188205,0.41186172,0.2392486,0.019355841,-1.7581012,2
75.0,24.0,0.22163689,0.10263868,0.408234,0.23955983,0.018868424,-1.7159373,2
75.0,25.0,0.2155066,0.09685652,0.4252635,0.23341344,0.020088207,-1.8787199,1
75.0,28.0,0.2149921,0.093460314,0.41570437,0.23842485,0.027640887,-1.8396235,2
75.0,32.0,0.2514021,0.0918522,0.38299474,0.24320745,0.021283127,-1.3816345,1
76.0,1.0,0.20199488,0.1148276,0.30468398,0.20240285,0.16978213,-0.9837128,17
76.0,2.0,0.17223322,0.11143537,0.3136216,0.1979433,0.1989129,-1.2499063,10
76.0,3.0,0.14984281,0.10091387,0.2734563,0.18956308,0.28087586,-1.1325556,7
76.0,4.0,0.16589236,0.113982596,0.30572656,0.20381427,0.2043714,-1.2479318,13
76.0,5.0,0.15326026,0.108635075,0.30249247,0.2052989,0.22481084,-1.3359617,12
76.0,6.0,0.17552766,0.11884292,0.3368551,0.21310969,0.14949124,-1.4135387,34
76.0,7.0,0.16562603,0.11804949,0.33764774,0.22053191,0.15197316,-1.5119009,9
76.0,8.0,0.14783679,0.10537676,0.3140385,0.19784738,0.2288752,-1.4420117,12
76.0,9.0,0.18240185,0.12834343,0.39007357,0.23149745,0.06075283,-1.7638037,10
76.0,10.0,0.15632239,0.103456534,0.31916016,0.19768757,0.21749651,-1.4229834,16
76.0,11.0,0.16369997,0.11223584,0.33794624,0.21492264,0.16445534,-1.5303581,51
76.0,12.0,0.18332958,0.111665584,0.3758183,0.22904181,0.092657626,-1.7027289,10
76.0,13.0,0.15113294,0.10358042,0.32933834,0.21165209,0.19795479,-1.5731606,6
76.0,14.0,0.10284755,0.07965537,0.21282022,0.18278982,0.41680005,-1.0791591,4
76.0,15.0,0.16426244,0.11229701,0.34079683,0.23451173,0.14185321,-1.6041985,5
76.0,16.0,0.152242,0.10306675,0.34354213,0.2226282,0.17168295,-1.6982911,11
76.0,17.0,0.18761325,0.1168408,0.40525946,0.24822974,0.034265086,-1.9195154,5
76.0,18.0,0.15696533,0.101707235,0.3386733,0.22929661,0.16620822,-1.6568805,7
76.0,19.0,0.15124816,0.09918425,0.31388876,0.2211065,0.20823553,-1.5069715,4
76.0,20.0,0.06565221,0.08857803,0.17266776,0.22589178,0.44330353,-1.1641,1
76.0,21.0,0.19082856,0.10927797,0.35163012,0.23250258,0.10808975,-1.4989187,6
76.0,22.0,0.19918175,0.10648665,0.4271584,0.2535963,0.0041952585,-2.0362442,1
76.0,23.0,0.20382842,0.098906115,0.37920666,0.2506415,0.05945653,-1.6900629,1
76.0,24.0,0.19479644,0.095794395,0.4228665,0.2463712,0.030967,-2.0473428,1
76.0,26.0,0.11172074,0.074462265,0.22253203,0.20554593,0.3805957,-1.1706512,2
76.0,27.0,0.19419509,0.09131871,0.31099683,0.24130082,0.15396482,-1.2774024,1
77.0,1.0,0.16797581,0.100162216,0.28177157,0.18592517,0.2589176,-1.0550414,9
77.0,2.0,0.16513923,0.10208697,0.27767512,0.1793059,0.2592321,-1.0412815,7
77.0,3.0,0.164826,0.11003449,0.31667292,0.20477596,0.19727014,-1.3497379,10
77.0,4.0,0.17686264,0.11129619,0.3318535,0.21516714,0.15894791,-1.3971183,5
77.0,5.0,0.1779297,0.114010416,0.3550185,0.21197364,0.13464439,-1.5334046,9
77.0,6.0,0.16842085,0.1158514,0.3281582,0.21828341,0.16328993,-1.4273267,10
77.0,7.0,0.16008991,0.11061192,0.327035,0.21001612,0.18498437,-1.4657192,36
77.0,8.0,0.15761651,0.11190512,0.33123094,0.2117959,0.18184866,-1.5167121,11
77.0,9.0,0.17589259,0.11590289,0.3744825,0.22814007,0.09910961,-1.7294699,6
77.0,10.0,0.14701328,0.095529765,0.3050615,0.18308985,0.26317573,-1.3704476,16
77.0,11.0,0.12312778,0.08826438,0.26384836,0.16892955,0.35032362,-1.2295682,5
77.0,12.0,0.15868984,0.10355241,0.35103256,0.21788353,0.16184165,-1.6925554,55
77.0,13.0,0.17569646,0.112946294,0.37188873,0.22622316,0.10577448,-1.7158768,5
77.0,14.0,0.13985762,0.08604778,0.34033948,0.20169225,0.22494793,-1.7538894,5
77.0,15.0,0.10723501,0.084479146,0.26656273,0.1853229,0.35068074,-1.4199225,7
77.0,16.0,0.16685596,0.10259769,0.34604284,0.23501277,0.14273083,-1.6530457,5
77.0,17.0,0.15760039,0.100288264,0.3449613,0.21793467,0.17255263,-1.6662558,12
77.0,18.0,0.11123699,0.090764105,0.24367449,0.20509502,0.34418178,-1.2696602,2
77.0,19.0,0.18086724,0.10948336,0.43680978,0.2596981,0.0045379647,-2.2438602,2
77.0,20.0,0.13044581,0.086638615,0.2899663,0.19826111,0.2889448,-1.4521856,5
77.0,21.0,0.17279331,0.10072003,0.34099862,0.22860393,0.14890094,-1.5652282,1
77.0,22.0,0.18638329,0.09672707,0.38352752,0.2328896,0.09249247,-1.7896442,3
77.0,24.0,0.15316193,0.08336057,0.3405289,0.21699363,0.19839953,-1.7137885,2
77.0,25.0,0.16138831,0.07549589,0.28338233,0.19234964,0.28154522,-1.2043512,2
77.0,27.0,0.18583669,0.084105685,0.32358253,0.22791453,0.1701713,-1.4000779,1
77.0,39.0,0.099274285,0.058187764,0.15092172,0.21615493,0.4708501,-0.8389248,1
78.0,1.0,0.17316987,0.09649792,0.27446252,0.18620087,0.26363865,-0.9810401,15
78.0,2.0,0.18640047,0.11698041,0.34283483,0.2274618,0.11982867,-1.4289342,12
78.0,3.0,0.18959416,0.11653747,0.3707293,0.23281275,0.0828843,-1.6212144,9
78.0,4.0,0.17807089,0.116260424,0.37850803,0.23260775,0.08792244,-1.7518979,7
78.0,5.0,0.1740045,0.117253214,0.36640766,0.23522787,0.10053187,-1.7024082,11
78.0,6.0,0.1749258,0.12429307,0.3846884,0.2425477,0.06697141,-1.8236386,6
78.0,7.0,0.17935653,0.119635485,0.3735092,0.24530809,0.07551018,-1.7381067,3
78.0,8.0,0.1625032,0.113398276,0.34081414,0.23561297,0.14160512,-1.6169213,19
78.0,9.0,0.1459728,0.09848117,0.31817657,0.20448172,0.22743815,-1.5246545,6
78.0,10.0,0.16842037,0.109630875,0.35029423,0.23317568,0.13226512,-1.6451042,13
78.0,11.0,0.14909863,0.105358444,0.3557989,0.2230573,0.15980864,-1.8018485,7
78.0,12.0,0.15060483,0.09871612,0.33590105,0.22057289,0.18702199,-1.6637163,6
78.0,13.0,0.15372384,0.10014066,0.33261216,0.21828826,0.18889314,-1.6088148,27
78.0,14.0,0.18044135,0.1064363,0.3931195,0.24785845,0.06392975,-1.9188488,5
78.0,15.0,0.15461312,0.10060849,0.34909853,0.23403375,0.15510759,-1.7626152,6
78.0,16.0,0.17147806,0.1058753,0.36083072,0.24773236,0.106789246,-1.7552725,5
78.0,17.0,0.17919463,0.11049485,0.401887,0.24780366,0.053088315,-1.9716046,2
78.0,18.0,0.16116759,0.099505804,0.353818,0.23668033,0.14191736,-1.7622623,11
78.0,19.0,0.07995935,0.063295245,0.21350218,0.15324843,0.48531872,-1.2071042,1
78.0,20.0,0.1874005,0.105421044,0.40260753,0.26117608,0.035140105,-1.9760212,5
78.0,21.0,0.16653742,0.0971549,0.34217256,0.23922788,0.14728887,-1.6593615,1
78.0,23.0,0.17453891,0.09182404,0.3638796,0.2543611,0.107482314,-1.8152186,2
78.0,24.0,0.14388135,0.08785244,0.33258379,0.21158504,0.21707064,-1.6925681,4
78.0,25.0,0.12554844,0.0895444,0.27982542,0.20001645,0.29867682,-1.4096301,1
78.0,27.0,0.20689966,0.08961254,0.4235968,0.26414558,0.0071069296,-2.0390203,1
78.0,28.0,0.17372689,0.08148494,0.38709858,0.27206534,0.078015715,-2.0666804,1
78.0,29.0,0.006608575,0.020703647,0.017863162,0.07127881,0.8791637,-0.23187955,1
78.0,30.0,0.20736255,0.09083298,0.34897962,0.28594807,0.059085112,-1.5809258,1
78.0,34.0,0.19569558,0.077972524,0.39616498,0.30422455,0.017159736,-2.081435,1
78.0,35.0,0.1699601,0.08142957,0.3597635,0.32174215,0.05877969,-2.0535026,1
79.0,1.0,0.18152943,0.10615034,0.293007,0.2086108,0.2044654,-1.0909743,15
79.0,2.0,0.13042921,0.09072783,0.27227953,0.18637617,0.3152758,-1.2812742,6
79.0,3.0,0.16199788,0.10398946,0.32306567,0.21466586,0.19038026,-1.4613465,7
79.0,4.0,0.16685647,0.10735118,0.32706288,0.2124145,0.18020536,-1.439537,6
79.0,5.0,0.19560787,0.12623769,0.40440574,0.2531599,0.013958483,-1.843909,8
79.0,6.0,0.1667074,0.11535994,0.35566267,0.24081904,0.11552326,-1.6997796,6
79.0,7.0,0.14798483,0.100608155,0.31720364,0.20482206,0.22367248,-1.4998796,8
79.0,8.0,0.12744354,0.09412689,0.2720511,0.19495764,0.30641958,-1.316207,11
79.0,9.0,0.15868148,0.10643138,0.33206126,0.22338,0.17346497,-1.566981,28
79.0,10.0,0.14080042,0.09178502,0.29777828,0.2000197,0.26442376,-1.4242105,12
79.0,11.0,0.1748134,0.11273937,0.36902705,0.25132424,0.084921114,-1.7788165,7
79.0,12.0,0.17817396,0.10716551,0.40332133,0.24538143,0.058588296,-1.9943955,4
79.0,13.0,0.10770806,0.09065268,0.25552288,0.21713622,0.32320884,-1.419789,3
79.0,14.0,0.15604162,0.09890143,0.34675905,0.24089856,0.1506133,-1.7638738,49
79.0,15.0,0.110860564,0.08155495,0.25294277,0.21147837,0.33776757,-1.3864405,8
79.0,16.0,0.15104331,0.09709945,0.3616597,0.24894546,0.13325498,-1.9291179,4
79.0,17.0,0.13118729,0.07814072,0.27568546,0.1857941,0.323802,-1.33694,4
79.0,18.0,0.19713639,0.10672257,0.39476758,0.28788024,0.006123187,-1.9274138,1
79.0,19.0,0.16927315,0.10193271,0.37895307,0.25985986,0.08287091,-1.9447029,11
79.0,20.0,0.16555358,0.09932988,0.37048653,0.24791338,0.10913589,-1.88375,6
79.0,21.0,0.15424205,0.087045856,0.31914505,0.23647158,0.19652009,-1.6055621,3
79.0,22.0,0.0988073,0.063550375,0.20163664,0.1833416,0.4468161,-1.0854309,4
79.0,24.0,0.2041862,0.08913018,0.4049577,0.26397502,0.031258482,-1.9311985,1
79.0,25.0,0.08129156,0.043207575,0.22191657,0.13885467,0.50946367,-1.2715772,3
79.0,29.0,0.18386365,0.09095161,0.3035885,0.25452763,0.15973125,-1.3338821,1
80.0,1.0,0.19782194,0.116191715,0.30755648,0.21651836,0.15585414,-1.0716159,11
80.0,2.0,0.16901729,0.10285241,0.30684796,0.22218837,0.1930375,-1.3267267,9
80.0,3.0,0.14734663,0.097163066,0.28094718,0.19623801,0.2731159,-1.2345861,9
80.0,4.0,0.16521588,0.1071923,0.3145374,0.21710455,0.18980667,-1.3773594,10
80.0,5.0,0.14179222,0.10157968,0.3039545,0.19790499,0.249479,-1.4260806,4
80.0,6.0,0.16171677,0.11133236,0.32551083,0.22707526,0.16863339,-1.495965,12
80.0,7.0,0.17546155,0.11959657,0.37591377,0.24886048,0.07411039,-1.7925018,6
80.0,8.0,0.15072563,0.10633011,0.3276685,0.21773775,0.19181062,-1.574928,8
80.0,9.0,0.16739114,0.114045106,0.3689583,0.2365288,0.10679531,-1.7804132,15
80.0,10.0,0.15636191,0.10204156,0.33359525,0.22011048,0.18223678,-1.5974368,23
80.0,11.0,0.16978177,0.10751375,0.3693912,0.23578392,0.11082829,-1.7845508,7
80.0,12.0,0.10071177,0.0867844,0.23544282,0.1895973,0.3821731,-1.2563137,3
80.0,13.0,0.174417,0.10728385,0.40641356,0.25499755,0.050075542,-2.068277,5
80.0,14.0,0.14710653,0.095474936,0.35980442,0.23083286,0.16030574,-1.8977234,5
80.0,15.0,0.15192232,0.09702122,0.339515,0.24023202,0.16458617,-1.7459853,52
80.0,16.0,0.18882902,0.105758704,0.39863825,0.27104533,0.029089915,-1.967207,3
80.0,17.0,0.1390218,0.09586859,0.32804805,0.24294685,0.18745911,-1.7667978,7
80.0,18.0,0.08961288,0.080038026,0.23596686,0.17273358,0.4155016,-1.3079494,1
80.0,19.0,0.18793465,0.10052415,0.3799714,0.2633984,0.061463207,-1.8355074,4
80.0,20.0,0.15238541,0.094881125,0.32014033,0.24579246,0.18049753,-1.6299486,12
80.0,21.0,0.21171239,0.10291016,0.39517328,0.2689664,0.014627628,-1.7841742,2
80.0,22.0,0.13286799,0.09131918,0.3202594,0.20423767,0.2453623,-1.6539214,2
80.0,23.0,0.19727547,0.092906155,0.41044217,0.27182773,0.016153114,-2.043025,1
80.0,24.0,0.22059545,0.083166555,0.40627205,0.27864358,0.003887313,-1.8862302,1
80.0,25.0,0.093382426,0.062059265,0.25582805,0.16629113,0.41769364,-1.4495212,1
80.0,27.0,0.13914984,0.07934552,0.29996687,0.21321975,0.26182035,-1.5257968,1
80.0,30.0,0.19861248,0.08113719,0.41764367,0.27174607,0.023535265,-2.1047704,1
81.0,1.0,0.18940146,0.11328279,0.3214477,0.2189918,0.15058906,-1.2448596,21
81.0,2.0,0.16559622,0.10737614,0.32292986,0.21941924,0.17858417,-1.4405043,7
81.0,3.0,0.18424189,0.116434224,0.35893255,0.23108554,0.10286199,-1.5699092,7
81.0,4.0,0.15638152,0.10892812,0.33049828,0.22749819,0.17013627,-1.5781295,9
81.0,5.0,0.16426598,0.11290344,0.35537764,0.23067886,0.13057165,-1.6932582,6
81.0,6.0,0.1491326,0.108344495,0.344427,0.22387052,0.16760957,-1.7173051,8
81.0,7.0,0.15115373,0.1036881,0.34815043,0.22022088,0.17096001,-1.7310537,5
81.0,8.0,0.12276052,0.09520105,0.27690163,0.21117643,0.28838196,-1.4304184,7
81.0,9.0,0.18217786,0.11924593,0.39338565,0.2516831,0.0469626,-1.8786151,5
81.0,10.0,0.12115133,0.079009056,0.25656334,0.16278237,0.3705319,-1.2116685,5
81.0,11.0,0.15237574,0.1044108,0.35552892,0.22639163,0.15466192,-1.7913113,17
81.0,12.0,0.1176275,0.09305428,0.28090504,0.21396933,0.28718957,-1.5121452,7
81.0,13.0,0.17372216,0.10935535,0.43127343,0.2690585,0.008401492,-2.2847204,3
81.0,14.0,0.13202596,0.092157505,0.32445967,0.25502327,0.18995138,-1.8393086,3
81.0,15.0,0.14107403,0.097573176,0.35285005,0.23448357,0.16768977,-1.8958833,4
81.0,16.0,0.15671666,0.09905384,0.3591482,0.25192186,0.12631221,-1.8781652,32
81.0,17.0,0.14693142,0.09755448,0.3878752,0.23842704,0.1217941,-2.1117842,3
81.0,18.0,0.14862297,0.09091365,0.37750784,0.24668159,0.12859339,-2.0731862,6
81.0,19.0,0.15646647,0.098130964,0.3857031,0.24878578,0.10304436,-2.0605035,1
81.0,20.0,0.12848553,0.08988731,0.30009818,0.2453841,0.22878985,-1.6749674,5
81.0,21.0,0.17443681,0.101308,0.43218392,0.25901327,0.025995083,-2.2796726,1
81.0,22.0,0.20063166,0.09517193,0.4114924,0.28006688,0.0048167845,-2.0327325,2
81.0,23.0,0.16076538,0.08268742,0.38913006,0.26005512,0.09997327,-2.1317644,2
81.0,25.0,0.12728798,0.075412236,0.2998727,0.21551651,0.2762573,-1.6300118,2
81.0,28.0,0.054607056,0.036420137,0.050662704,0.107599996,0.7468063,-0.18708359,1
81.0,30.0,0.20791242,0.08318258,0.40294006,0.27676138,0.022461057,-1.9482633,1
81.0,36.0,0.16234913,0.08871621,0.31285194,0.29353988,0.13513547,-1.6722661,1
81.0,38.0,0.14487773,0.08232591,0.26470846,0.28597236,0.21411228,-1.4597044,1
82.0,1.0,0.17867115,0.1099797,0.32924,0.21079792,0.16470775,-1.3594645,13
82.0,2.0,0.1748978,0.10833583,0.33067393,0.22109449,0.15779176,-1.4334353,12
82.0,3.0,0.14332415,0.102416396,0.31262448,0.21545997,0.21937715,-1.5290257,7
82.0,4.0,0.1818897,0.12128151,0.38588777,0.24142234,0.063348226,-1.7909232,7
82.0,5.0,0.14872627,0.10727147,0.33955064,0.21689118,0.18101473,-1.6689235,8
82.0,6.0,0.15644804,0.11072282,0.3366192,0.22751415,0.16214606,-1.6156183,10
82.0,7.0,0.15009199,0.1072833,0.3332196,0.2266562,0.17637306,-1.6447402,9
82.0,8.0,0.14109188,0.09589468,0.3288684,0.20109597,0.2258496,-1.6365141,5
82.0,9.0,0.16329427,0.11299929,0.38567418,0.24249451,0.08885222,-1.948134,9
82.0,10.0,0.17511696,0.11463219,0.39303228,0.25062913,0.05935827,-1.9382235,6
82.0,11.0,0.11315884,0.08918514,0.24206263,0.21101615,0.3387549,-1.2730242,2
82.0,12.0,0.13992853,0.099938646,0.34981397,0.23040889,0.17276265,-1.8655714,14
82.0,13.0,0.16023624,0.10706905,0.39065206,0.24887784,0.08540807,-2.041972,5
82.0,15.0,0.13248697,0.09964608,0.3609786,0.23646128,0.1634845,-2.011499,5
82.0,16.0,0.15349944,0.10420477,0.39334637,0.25343803,0.08819133,-2.1286929,4
82.0,17.0,0.13656259,0.09445393,0.34528306,0.23182997,0.18485618,-1.8762007,37
82.0,19.0,0.114758335,0.087124474,0.28836027,0.23537111,0.26752084,-1.6637706,6
82.0,20.0,0.14311317,0.099344864,0.35844827,0.2551421,0.1358357,-1.9807286,2
82.0,21.0,0.15822276,0.10018939,0.36501506,0.2405323,0.12867363,-1.8722581,2
82.0,22.0,0.16739771,0.087826215,0.364594,0.24886657,0.12450045,-1.867735,8
82.0,23.0,0.090867035,0.06944695,0.25270212,0.19313395,0.38772565,-1.5076979,2
82.0,25.0,0.06486405,0.065495126,0.18596306,0.20477262,0.4742226,-1.2670211,1
82.0,27.0,0.16855247,0.083541706,0.40156382,0.2811884,0.05718319,-2.224579,2
82.0,34.0,0.16682483,0.07551149,0.38312092,0.3049845,0.061506838,-2.2063305,1
83.0,1.0,0.17576152,0.09905622,0.3204787,0.20881115,0.19003624,-1.3447875,12
83.0,2.0,0.15590404,0.09697033,0.32953355,0.21023694,0.2016701,-1.5575416,13
83.0,3.0,0.1708675,0.10326987,0.3586163,0.23116058,0.129934,-1.7015471,9
83.0,4.0,0.16583058,0.107590325,0.3527048,0.22555514,0.14252762,-1.6646641,7
83.0,5.0,0.11226995,0.090508446,0.24937755,0.2027261,0.3397928,-1.3000412,2
83.0,6.0,0.1280134,0.08695124,0.28700483,0.19643253,0.2949349,-1.4471915,9
83.0,7.0,0.12095283,0.08628075,0.29798537,0.20181033,0.28730902,-1.5898064,5
83.0,8.0,0.1609536,0.10537306,0.35676503,0.25100613,0.11908595,-1.8124831,5
83.0,9.0,0.14028206,0.091176845,0.33281204,0.20413835,0.22582927,-1.6880312,8
83.0,10.0,0.12309444,0.090036154,0.29859465,0.21579306,0.26664692,-1.610399,10
83.0,11.0,0.17171606,0.11337739,0.44748923,0.25437847,0.0050193802,-2.3542275,1
83.0,12.0,0.10876118,0.06902172,0.25687405,0.18054792,0.3761955,-1.3823574,5
83.0,13.0,0.13589339,0.089289166,0.34113142,0.22692566,0.19986111,-1.8541924,6
83.0,14.0,0.16032718,0.09850335,0.43672144,0.2659113,0.031012405,-2.439272,2
83.0,15.0,0.11058773,0.079330154,0.31189686,0.20280269,0.28896612,-1.7819636,7
83.0,16.0,0.1341251,0.08877473,0.34285435,0.2396816,0.18760897,-1.9189335,6
83.0,17.0,0.16143163,0.104357556,0.4401517,0.27989796,0.006210366,-2.4784946,1
83.0,18.0,0.13558747,0.08669075,0.3392332,0.23637861,0.1954555,-1.8775121,30
83.0,19.0,0.14511983,0.082078844,0.3651183,0.2364964,0.16418746,-2.0072694,4
83.0,20.0,0.14914584,0.08508339,0.3776015,0.2359749,0.1455223,-2.0553234,4
83.0,22.0,0.17816633,0.09051068,0.4151352,0.26720235,0.037884723,-2.2039535,1
83.0,23.0,0.10155077,0.06815652,0.31165457,0.18805793,0.32447785,-1.831658,2
83.0,26.0,0.13696858,0.08091439,0.3461059,0.2304775,0.19958152,-1.9159896,1
83.0,29.0,0.1874209,0.07461271,0.3808385,0.27746975,0.072601564,-1.9643466,2
83.0,31.0,0.09238026,0.06040773,0.27407742,0.18720885,0.37907392,-1.654573,1
84.0,1.0,0.17629096,0.10282202,0.32125753,0.23900346,0.15297642,-1.4318523,5
84.0,2.0,0.15748778,0.099955134,0.3141335,0.22764291,0.19503292,-1.4817339,15
84.0,3.0,0.1823566,0.11108899,0.39944348,0.270034,0.030511243,-1.9994215,3
84.0,4.0,0.14990927,0.09434081,0.34766495,0.23614122,0.16596697,-1.8130803,13
84.0,5.0,0.1801786,0.11047771,0.42986253,0.25690573,0.015767666,-2.1893234,2
84.0,6.0,0.16971155,0.10776339,0.36771166,0.26266485,0.08598611,-1.8526111,6
84.0,7.0,0.14766257,0.09663977,0.34580454,0.23710084,0.16713792,-1.8112621,9
84.0,8.0,0.12454125,0.09125597,0.33569905,0.2358253,0.20679696,-1.9153682,3
84.0,9.0,0.14129515,0.09126545,0.33170372,0.21925637,0.21019459,-1.717944,7
84.0,10.0,0.17694591,0.10545902,0.41575906,0.26614508,0.028958052,-2.154769,8
84.0,11.0,0.15704504,0.103891544,0.42900372,0.27403885,0.02875174,-2.4164207,4
84.0,12.0,0.106909394,0.07854411,0.2745916,0.18533163,0.34799302,-1.4985373,5
84.0,13.0,0.11779915,0.089898214,0.3371988,0.21866299,0.22988716,-1.9270383,2
84.0,14.0,0.15417185,0.09592154,0.38755363,0.26786673,0.087309405,-2.1532295,10
84.0,15.0,0.15995754,0.095505565,0.40187725,0.26349187,0.072300375,-2.1993825,6
84.0,16.0,0.16852586,0.09585276,0.40537223,0.28730583,0.03636166,-2.2342966,3
84.0,17.0,0.15894496,0.0964821,0.38301355,0.276923,0.077511586,-2.1129055,4
84.0,18.0,0.1504971,0.091460034,0.3913579,0.2660489,0.09343096,-2.2121663,5
84.0,19.0,0.12785706,0.08134289,0.32231227,0.24280468,0.21908884,-1.8483795,23
84.0,20.0,0.19670403,0.09569893,0.4100248,0.27564764,0.015652929,-2.036001,1
84.0,22.0,0.16558777,0.08603566,0.44104186,0.2948566,0.0043498203,-2.5556333,1
84.0,24.0,0.1126616,0.065728866,0.2651876,0.24436824,0.3057079,-1.6040541,3
84.0,27.0,0.19853087,0.077200405,0.40250745,0.28306922,0.03272183,-2.0477781,1
84.0,29.0,0.10271453,0.048735287,0.25185257,0.18192251,0.4089887,-1.4441388,2
84.0,31.0,0.15169197,0.065109015,0.35695112,0.22840707,0.19075105,-1.9271759,1
85.0,1.0,0.20356907,0.105920725,0.36697656,0.25075015,0.06663963,-1.580093,11
85.0,2.0,0.14408687,0.09371196,0.34386393,0.23538056,0.17719376,-1.8235985,5
85.0,3.0,0.1654545,0.102911614,0.35875612,0.252896,0.11371641,-1.8054116,5
85.0,4.0,0.15335652,0.08985733,0.31893915,0.23098914,0.20109427,-1.585575,9
85.0,5.0,0.12596512,0.08389754,0.29433778,0.2193927,0.27078998,-1.5888104,8
85.0,6.0,0.13917853,0.093941815,0.3296692,0.25065345,0.18076232,-1.8058692,11
85.0,7.0,0.1374651,0.09114472,0.36279157,0.2422764,0.16067502,-2.0323367,7
85.0,8.0,0.13238212,0.0807264,0.33239862,0.220107,0.22792792,-1.8220367,6
85.0,9.0,0.122183345,0.084898345,0.3206688,0.22550476,0.24114585,-1.8139153,6
85.0,10.0,0.16068429,0.10099387,0.39918375,0.25644237,0.07610063,-2.1383204,10
85.0,11.0,0.16409875,0.10439698,0.38945174,0.26900777,0.06609881,-2.074477,6
85.0,12.0,0.15411246,0.09783439,0.38884753,0.28666377,0.064975545,-2.215014,5
85.0,13.0,0.1571538,0.09453957,0.39118263,0.27018455,0.08014121,-2.1701932,1
85.0,14.0,0.13460292,0.086791866,0.35281304,0.25131655,0.16792785,-2.0232193,7
85.0,15.0,0.14784841,0.08668989,0.37951425,0.2663401,0.11199023,-2.165321,14
85.0,16.0,0.13590091,0.089267455,0.36981553,0.2568502,0.14123975,-2.143927,4
85.0,17.0,0.102630064,0.07526569,0.28752026,0.23443235,0.29303,-1.7764463,8
85.0,18.0,0.14817055,0.08680552,0.37290403,0.2758424,0.10940149,-2.1430442,6
85.0,20.0,0.13761784,0.08343357,0.33515084,0.25726548,0.17981756,-1.9074109,29
85.0,21.0,0.0869227,0.06809661,0.27164727,0.18378699,0.38336554,-1.6429747,1
85.0,23.0,0.20329691,0.08483924,0.39148512,0.30152678,0.009616606,-1.9710845,1
85.0,25.0,0.14803742,0.071544684,0.34477913,0.2797263,0.14893009,-2.005185,4
85.0,26.0,0.18650286,0.07782363,0.38959396,0.33612597,0.0032252118,-2.1974533,1
85.0,30.0,0.16054593,0.06933501,0.3976675,0.30159724,0.06349348,-2.358972,1
85.0,31.0,0.03425701,0.04333485,0.114410765,0.226039,0.57675004,-1.1125852,1
86.0,1.0,0.15238392,0.088878855,0.3112944,0.20363995,0.23850262,-1.4586658,5
86.0,2.0,0.13384897,0.08522777,0.28996727,0.20382854,0.28191257,-1.4517225,7
86.0,3.0,0.14133778,0.08986398,0.3223248,0.22392893,0.21680267,-1.6708628,5
86.0,4.0,0.13699867,0.089458466,0.32402545,0.22269635,0.22115476,-1.7115084,7
86.0,5.0,0.12190416,0.08470937,0.30048552,0.23326576,0.25383973,-1.6995248,6
86.0,6.0,0.14247899,0.096033536,0.34529528,0.24256967,0.16789916,-1.8622739,13
86.0,7.0,0.097164854,0.084464975,0.22114691,0.23686111,0.35514653,-1.328807,4
86.0,8.0,0.15413406,0.11123759,0.44299117,0.28002378,0.0050909035,-2.5293503,2
86.0,9.0,0.0793519,0.060169376,0.20528321,0.15952067,0.4916625,-1.1814654,5
86.0,10.0,0.14689931,0.09668791,0.36387616,0.25637612,0.13017361,-2.0011516,8
86.0,11.0,0.11435306,0.08052901,0.31727678,0.21214017,0.2691359,-1.8192086,4
86.0,13.0,0.16541867,0.09819858,0.42135698,0.28932002,0.018570768,-2.3682194,4
86.0,14.0,0.13847773,0.090001106,0.37172022,0.26868108,0.12482631,-2.1696515,5
86.0,15.0,0.049858917,0.03608984,0.14616242,0.09462946,0.6697862,-0.8528924,2
86.0,16.0,0.13549738,0.091155335,0.36353654,0.27512124,0.12802358,-2.1519127,10
86.0,17.0,0.16794442,0.10273946,0.40584427,0.29510924,0.022278305,-2.2458417,1
86.0,18.0,0.1298636,0.086458854,0.411017,0.29368103,0.07245506,-2.59099,1
86.0,19.0,0.15470603,0.09259639,0.37455884,0.29897907,0.071873404,-2.1629138,7
86.0,20.0,0.13244481,0.08701677,0.3408154,0.25425798,0.17882204,-1.9644588,3
86.0,21.0,0.13539721,0.08228386,0.3417841,0.2561137,0.17772771,-1.9703524,16
86.0,24.0,0.16322002,0.07570693,0.40226132,0.27989137,0.071729876,-2.2874599,2
86.0,26.0,0.14453122,0.072922826,0.3610022,0.28550482,0.13010907,-2.1555986,2
86.0,27.0,0.14201847,0.06460302,0.2961579,0.22964096,0.25965804,-1.5801337,2
87.0,1.0,0.16208911,0.09348001,0.35687086,0.22619873,0.15530474,-1.7653339,9
87.0,2.0,0.15947615,0.09642494,0.35535952,0.25661197,0.1256921,-1.8563868,7
87.0,3.0,0.15475212,0.09600922,0.3499074,0.24889559,0.14370553,-1.8283068,3
87.0,4.0,0.12535216,0.085208245,0.32443073,0.2232672,0.23509441,-1.8113664,6
87.0,5.0,0.11822788,0.077917166,0.2900571,0.21057518,0.29638416,-1.6059049,6
87.0,6.0,0.1551527,0.097702645,0.36849287,0.2596257,0.11126804,-1.9855704,6
87.0,7.0,0.1000286,0.07545217,0.24527909,0.21449272,0.35848784,-1.4409825,6
87.0,8.0,0.15160568,0.095223345,0.38562605,0.25289172,0.10807198,-2.1157482,3
87.0,9.0,0.15352733,0.09538447,0.39577678,0.25901487,0.09008188,-2.1904418,3
87.0,10.0,0.17063434,0.10052019,0.40910015,0.28051385,0.031298533,-2.2157488,4
87.0,11.0,0.1143775,0.08042612,0.27490756,0.2217212,0.30156538,-1.553846,4
87.0,12.0,0.106666364,0.07891511,0.32630935,0.236046,0.24541344,-2.0155852,3
87.0,13.0,0.15778063,0.095638275,0.4159471,0.2735745,0.04973093,-2.3468916,3
87.0,14.0,0.1303635,0.08745514,0.3638762,0.27491385,0.13565058,-2.203414,4
87.0,15.0,0.15379749,0.0964612,0.42055956,0.2993619,0.022013554,-2.4797642,3
87.0,16.0,0.12620208,0.08622748,0.33767676,0.26280564,0.17822075,-2.0192583,3
87.0,17.0,0.15084428,0.08988834,0.4040323,0.27475926,0.07352093,-2.3300886,8
87.0,18.0,0.13607769,0.087923504,0.3750075,0.27612546,0.11744743,-2.240587,3
87.0,19.0,0.09216599,0.06400764,0.24206199,0.20323767,0.390889,-1.4751211,4
87.0,20.0,0.171507,0.09300446,0.4159284,0.29516473,0.01656205,-2.3248112,3
87.0,22.0,0.14220741,0.07992734,0.38128734,0.27624288,0.112508915,-2.2670224,10
87.0,23.0,0.07587852,0.056764424,0.25021893,0.1795864,0.43043026,-1.5960412,1
87.0,24.0,0.1759907,0.0791291,0.42450798,0.29548416,0.017722456,-2.39257,1
87.0,26.0,0.1808044,0.07451046,0.42167836,0.29326114,0.023191625,-2.3462157,1
87.0,28.0,0.17022628,0.07337621,0.4008006,0.31611374,0.031792257,-2.3456564,2
88.0,1.0,0.123453945,0.077328146,0.2926256,0.19685623,0.30146056,-1.5529943,8
88.0,3.0,0.17783332,0.10829977,0.3984971,0.28600654,0.022025138,-2.0845716,7
88.0,4.0,0.18007974,0.10528302,0.384179,0.28757945,0.035692133,-1.983004,6
88.0,5.0,0.15258421,0.09813377,0.357822,0.25040233,0.13366684,-1.9009868,4
88.0,6.0,0.15843894,0.10361846,0.36183944,0.2695667,0.09972255,-1.927676,5
88.0,7.0,0.1400311,0.09421586,0.35769138,0.26654634,0.13402893,-2.0492647,8
88.0,8.0,0.101510346,0.07681716,0.2924719,0.23545858,0.2869397,-1.8196433,7
88.0,9.0,0.1474658,0.092870474,0.37467304,0.26252392,0.1154967,-2.1053777,6
88.0,10.0,0.15226085,0.09706496,0.41401514,0.27469474,0.055742484,-2.3697147,5
88.0,11.0,0.1219258,0.08481265,0.32318705,0.24947624,0.21173103,-1.9140544,6
88.0,12.0,0.099166125,0.07625102,0.28574872,0.23933928,0.2906254,-1.8078943,5
88.0,13.0,0.15189362,0.0960415,0.42567864,0.28673893,0.030501086,-2.499538,5
88.0,14.0,0.12886971,0.08711717,0.35887584,0.25954917,0.15821953,-2.1340644,3
88.0,15.0,0.102899425,0.074585006,0.30092752,0.24634819,0.2679621,-1.9104099,4
88.0,16.0,0.16397958,0.09642985,0.40556115,0.30836383,0.018166687,-2.3335125,2
88.0,18.0,0.13426949,0.08488276,0.3752173,0.27650642,0.12090744,-2.2707088,7
88.0,19.0,0.14901252,0.09978733,0.44140193,0.29179585,0.010041735,-2.6269166,1
88.0,20.0,0.15780316,0.09200786,0.40562093,0.29130805,0.04562184,-2.3391066,2
88.0,21.0,0.10447887,0.07976022,0.30532324,0.26206595,0.24102071,-1.9612141,2
88.0,22.0,0.07986185,0.066411965,0.27431533,0.23508766,0.33715376,-1.8751901,2
88.0,23.0,0.11359731,0.06315619,0.3059041,0.24083892,0.26810682,-1.8879292,4
88.0,26.0,0.13297029,0.061352994,0.41407365,0.26281676,0.12196831,-2.5764065,1
88.0,36.0,0.16658124,0.077184714,0.36231658,0.38207832,0.0047656232,-2.2901845,1
89.0,1.0,0.16962676,0.088053025,0.32764176,0.22484946,0.18299684,-1.5236824,11
89.0,2.0,0.16160487,0.093813494,0.3413889,0.24185394,0.15378322,-1.7106147,8
89.0,3.0,0.15614349,0.09257752,0.35566396,0.24962161,0.13913122,-1.8753924,4
89.0,4.0,0.1062827,0.075450316,0.29054445,0.21957256,0.30206105,-1.7281996,3
89.0,5.0,0.13547559,0.089157864,0.29382452,0.24121681,0.23342092,-1.5731531,5
89.0,6.0,0.14450313,0.098641686,0.38001457,0.2659998,0.10419505,-2.1569147,6
89.0,7.0,0.1251142,0.08804616,0.33129126,0.24882874,0.19957218,-1.9347323,4
89.0,8.0,0.10755136,0.07610172,0.289098,0.21466099,0.3069627,-1.6917312,7
89.0,9.0,0.12530658,0.0883984,0.33746436,0.2373275,0.20527598,-1.936753,10
89.0,10.0,0.1773516,0.10115748,0.39085388,0.2842909,0.038898937,-2.0508785,4
89.0,11.0,0.11044484,0.08380848,0.2706978,0.25448796,0.27310166,-1.643185,3
89.0,12.0,0.1391076,0.093090646,0.37083125,0.28071705,0.10793003,-2.1943958,3
89.0,13.0,0.13831203,0.09665006,0.4347981,0.29233176,0.030895557,-2.6672344,2
89.0,14.0,0.12703799,0.0871709,0.3813255,0.27681848,0.12046191,-2.3568897,6
89.0,15.0,0.06827575,0.047716003,0.22729713,0.14952643,0.4991362,-1.4300252,3
89.0,16.0,0.15397483,0.09111568,0.4218115,0.29504466,0.031150449,-2.4923782,2
89.0,17.0,0.13219267,0.08955311,0.3952536,0.27332222,0.101792835,-2.4010005,4
89.0,18.0,0.14905517,0.09027665,0.40449592,0.298171,0.050643403,-2.4201481,1
89.0,19.0,0.13708071,0.087416016,0.40770566,0.28124377,0.079383194,-2.481451,6
89.0,20.0,0.16694903,0.0957012,0.40360734,0.3218978,0.004346429,-2.3401854,1
89.0,22.0,0.15633842,0.08523591,0.4188903,0.28876323,0.04416561,-2.4550774,2
89.0,24.0,0.118182726,0.06501166,0.33306956,0.23663001,0.24087603,-2.022693,6
89.0,34.0,0.083441064,0.06336154,0.26255724,0.20565386,0.3765355,-1.6922271,1
90.0,1.0,0.17720656,0.09900009,0.40051135,0.2547346,0.0615439,-2.0386236,6
90.0,2.0,0.16512492,0.09911508,0.37355313,0.25726515,0.09714476,-1.9426838,4
90.0,3.0,0.1712022,0.10520865,0.38187248,0.29302022,0.041140907,-2.0472565,2
90.0,4.0,0.15693603,0.094662935,0.38440013,0.2745004,0.0827936,-2.1398191,4
90.0,5.0,0.063518845,0.047008485,0.1819552,0.1496569,0.5498398,-1.1495115,3
90.0,6.0,0.09116858,0.0711381,0.24682434,0.21962313,0.3638635,-1.5456529,3
90.0,7.0,0.12738532,0.08477676,0.34205383,0.24897365,0.18987143,-2.0041442,5
90.0,8.0,0.121034905,0.08276383,0.33164996,0.24692033,0.21025373,-1.975437,7
90.0,9.0,0.14381313,0.092348434,0.39131522,0.27816465,0.08725586,-2.2983985,6
90.0,10.0,0.13660266,0.08716023,0.35907513,0.24639398,0.16396601,-2.0426445,8
90.0,11.0,0.11734789,0.08679434,0.3560994,0.26371694,0.16688704,-2.2147567,7
90.0,12.0,0.15660909,0.09461631,0.40819848,0.28974363,0.039307427,-2.3635201,2
90.0,13.0,0.14210694,0.095498994,0.39169997,0.27906615,0.084751144,-2.3068311,1
90.0,14.0,0.15857992,0.09692765,0.40987647,0.3147903,0.01222796,-2.421056,2
90.0,15.0,0.13047732,0.086677276,0.38494173,0.28800747,0.1027315,-2.393758,7
90.0,16.0,0.15123339,0.092570186,0.43644217,0.29288754,0.019581795,-2.6053479,3
90.0,17.0,0.13369454,0.07793242,0.36672944,0.27940598,0.1349497,-2.242364,2
90.0,18.0,0.17644268,0.09683349,0.392035,0.30395168,0.02229078,-2.1403835,1
90.0,19.0,0.14919767,0.09411168,0.4130311,0.30211645,0.033449598,-2.4807076,2
90.0,20.0,0.12330017,0.0805612,0.36361745,0.26522714,0.15856753,-2.2477338,6
90.0,21.0,0.1537244,0.091971084,0.41260508,0.32931533,0.0052474085,-2.530115,1
90.0,22.0,0.14004509,0.079273336,0.46505287,0.2842494,0.023531193,-2.8974757,1
90.0,23.0,0.14143008,0.08388719,0.4337175,0.31662333,0.016297512,-2.7534726,2
90.0,25.0,0.10120041,0.066936195,0.33387414,0.26932728,0.22103627,-2.2447588,4
90.0,26.0,0.03430502,0.04471135,0.17264813,0.22293392,0.51491034,-1.5201744,1
90.0,30.0,0.11247287,0.069236055,0.37596822,0.26640236,0.16967735,-2.4399216,1
90.0,31.0,0.09425147,0.05942744,0.32317847,0.24987754,0.26729524,-2.17824,2
91.0,2.0,0.15781283,0.09212754,0.34772125,0.2701741,0.12557957,-1.8726329,1
91.0,3.0,0.13142338,0.08406587,0.33126158,0.25532445,0.18897776,-1.9271133,5
91.0,4.0,0.10433681,0.0730428,0.30319047,0.19194767,0.32271573,-1.7544092,1
91.0,5.0,0.12658067,0.08700232,0.35617217,0.24615358,0.1727017,-2.1027288,7
91.0,6.0,0.14680603,0.09121982,0.3554576,0.24344842,0.1525884,-1.9336809,5
91.0,7.0,0.17274888,0.1096429,0.40550306,0.29569283,0.009142943,-2.1965075,1
91.0,8.0,0.15624861,0.099256255,0.4016808,0.28693858,0.04941125,-2.2893023,3
91.0,9.0,0.13195994,0.08946018,0.36472297,0.25892037,0.14782988,-2.1466734,7
91.0,10.0,0.14055713,0.09349781,0.38315934,0.27871567,0.09688757,-2.263691,4
91.0,11.0,0.1538611,0.10284592,0.4327754,0.2876986,0.015308211,-2.516516,4
91.0,13.0,0.16779196,0.09483419,0.42542914,0.2896577,0.014988631,-2.3969104,2
91.0,14.0,0.13145454,0.088167526,0.37761277,0.2842306,0.109775305,-2.32507,4
91.0,15.0,0.13317066,0.088796586,0.39042002,0.28135002,0.097976275,-2.3877482,4
91.0,17.0,0.08980279,0.063221894,0.26285005,0.18353525,0.38733324,-1.5943379,1
91.0,18.0,0.13967973,0.09584512,0.43038505,0.31498286,0.0073479563,-2.7102253,2
91.0,19.0,0.11636577,0.07646979,0.37141883,0.25477052,0.1728841,-2.3311894,3
91.0,20.0,0.093949236,0.07373469,0.34198567,0.23220703,0.25209507,-2.218843,2
91.0,21.0,0.13024655,0.08729492,0.39171803,0.27161533,0.111991085,-2.3920054,2
91.0,22.0,0.12845024,0.07790188,0.40340424,0.26313987,0.12001015,-2.4891198,4
91.0,23.0,0.13454653,0.08437312,0.46999905,0.29226202,0.011221643,-2.9781985,1
91.0,25.0,0.09740347,0.06642365,0.32725984,0.25737014,0.24020804,-2.2013392,1
91.0,26.0,0.100016095,0.061562426,0.3136201,0.24505384,0.26888984,-2.0636628,4
91.0,34.0,0.12994085,0.074090146,0.429996,0.3240443,0.035276383,-2.8581676,1
91.0,39.0,0.18332466,0.074934095,0.3769536,0.35319242,0.004408022,-2.198405,1
92.0,3.0,0.122650765,0.08998405,0.3306914,0.24696393,0.19282988,-1.9562343,5
92.0,4.0,0.106415935,0.07919142,0.27136204,0.22731547,0.30035573,-1.6253638,4
92.0,5.0,0.13245618,0.08947762,0.4035989,0.2612983,0.10180219,-2.431183,3
92.0,6.0,0.11443913,0.087786056,0.31477657,0.25146276,0.22014232,-1.9115918,7
92.0,7.0,0.15442853,0.09698848,0.41447842,0.28183138,0.034171812,-2.4062688,3
92.0,8.0,0.14300784,0.09276842,0.39411792,0.27558574,0.08501792,-2.320955,3
92.0,9.0,0.13375272,0.092095315,0.39549,0.26906353,0.099058114,-2.3798041,5
92.0,10.0,0.0979482,0.073002174,0.29334226,0.19752072,0.32986084,-1.7545477,1
92.0,11.0,0.12293652,0.08998394,0.36691913,0.26157662,0.14801818,-2.2391307,3
92.0,12.0,0.12301157,0.09124794,0.43401548,0.2944932,0.047721904,-2.8010724,1
92.0,13.0,0.104703054,0.08701621,0.38389224,0.24447277,0.17113106,-2.4379396,2
92.0,14.0,0.113843225,0.08795959,0.44617897,0.29439974,0.047771882,-2.959709,2
92.0,15.0,0.053846214,0.056150325,0.20240967,0.19761083,0.4809793,-1.4795184,2
92.0,17.0,0.15430127,0.098143,0.43432784,0.29623824,0.00700055,-2.567563,1
92.0,18.0,0.12609187,0.09176814,0.45219842,0.31111726,0.005452886,-2.96116,2
92.0,19.0,0.10742048,0.07641812,0.38978404,0.26323864,0.15389425,-2.5511837,2
92.0,20.0,0.09065104,0.07683778,0.30080855,0.24591093,0.2739656,-1.9982388,1
92.0,21.0,0.10628041,0.08576755,0.45210138,0.29795635,0.049058314,-3.0698175,1
92.0,22.0,0.13183025,0.08702287,0.43095446,0.3031131,0.036864463,-2.7571578,2
92.0,24.0,0.07174166,0.05986464,0.28307983,0.21622641,0.35808387,-1.9656974,4
92.0,25.0,0.14824148,0.082208246,0.43955356,0.3015143,0.019952863,-2.7094867,1
92.0,27.0,0.14716043,0.08318115,0.43445337,0.30529898,0.021475447,-2.6896443,1
93.0,4.0,0.12502281,0.08752011,0.32669345,0.24858943,0.1980824,-1.9184122,7
93.0,5.0,0.11295865,0.084184535,0.32518008,0.2226165,0.23927449,-1.9281372,6
93.0,6.0,0.11684922,0.084519915,0.34943593,0.24442704,0.18777137,-2.137626,3
93.0,7.0,0.117781654,0.09025717,0.35566702,0.25942817,0.1593817,-2.2038865,7
93.0,8.0,0.12407179,0.08974207,0.38678002,0.2631728,0.12759067,-2.371611,2
93.0,9.0,0.12688209,0.091513924,0.39464745,0.26406792,0.113474466,-2.4059575,3
93.0,10.0,0.10720995,0.08552601,0.35089445,0.25736248,0.18858092,-2.2376938,4
93.0,11.0,0.14879245,0.10341806,0.41719675,0.29854774,0.021563046,-2.4795542,3
93.0,12.0,0.11236985,0.09383373,0.43467006,0.28930646,0.059780065,-2.8571966,4
93.0,13.0,0.105372734,0.08820307,0.41096154,0.27575046,0.11000326,-2.7168791,3
93.0,14.0,0.11715708,0.0891438,0.39988616,0.28276113,0.10156134,-2.5753233,1
93.0,15.0,0.123704314,0.09820062,0.43479323,0.30574957,0.027055504,-2.8149688,3
93.0,16.0,0.10314847,0.079622865,0.383713,0.27934057,0.14285405,-2.5813642,1
93.0,17.0,0.08571496,0.07688711,0.36137924,0.24893592,0.21806407,-2.4582803,1
93.0,18.0,0.13066083,0.09531673,0.4286269,0.30372503,0.030494392,-2.7278695,4
93.0,19.0,0.1216104,0.090209186,0.43080258,0.2991755,0.045169834,-2.8123016,3
93.0,20.0,0.09503063,0.08447588,0.34686962,0.2782494,0.18631364,-2.354883,1
93.0,22.0,0.06360129,0.057502944,0.29245,0.1880202,0.3901344,-2.0052204,1
93.0,23.0,0.14499989,0.090494394,0.41776246,0.3292513,0.007534331,-2.6389885,2
93.0,27.0,0.10959302,0.07806753,0.44603392,0.3120561,0.04484029,-3.0694032,1
93.0,28.0,0.08843544,0.06672798,0.31198627,0.2397292,0.2819754,-2.1020224,4
93.0,31.0,0.057815954,0.056854364,0.23893699,0.1935215,0.44405088,-1.6907898,1
94.0,5.0,0.117887914,0.0773724,0.32738557,0.22785744,0.23697664,-1.9393823,8
94.0,6.0,0.08713308,0.057765543,0.21526131,0.15151888,0.47544336,-1.2010728,2
94.0,7.0,0.14782116,0.10433876,0.40769586,0.30267093,0.02183743,-2.4407043,3
94.0,8.0,0.11573044,0.07730907,0.34997198,0.24008586,0.19137596,-2.174832,3
94.0,9.0,0.12768748,0.08972133,0.3383182,0.25916466,0.16907655,-2.0109556,3
94.0,10.0,0.1344357,0.090907745,0.4060174,0.25131375,0.10849905,-2.3940308,3
94.0,11.0,0.15936029,0.10740752,0.38140538,0.30396003,0.03544874,-2.1645913,1
94.0,12.0,0.089829706,0.07337039,0.35121372,0.2004795,0.2698523,-2.2385569,1
94.0,13.0,0.11131935,0.08621646,0.38897184,0.28173777,0.11941196,-2.5499701,4
94.0,14.0,0.13576743,0.091703705,0.4253504,0.33100858,0.0049762367,-2.7599967,1
94.0,15.0,0.094237536,0.08116063,0.37789845,0.2569859,0.182955,-2.5211399,1
94.0,16.0,0.1105107,0.09891664,0.38008764,0.30735612,0.09418451,-2.5242014,1
94.0,17.0,0.14177433,0.097029224,0.42988816,0.30555955,0.015619516,-2.658383,1
94.0,18.0,0.08169116,0.08395066,0.33488008,0.26792234,0.21833932,-2.3460538,2
94.0,19.0,0.11069326,0.08018211,0.37471208,0.2770258,0.1468411,-2.4561203,1
94.0,20.0,0.11048949,0.08907765,0.43276805,0.30146122,0.05193495,-2.9169254,2
94.0,23.0,0.103264555,0.079362,0.46190506,0.30266762,0.04358833,-3.1932,1
94.0,24.0,0.07953299,0.067395784,0.33436388,0.2514276,0.26006824,-2.344603,1
94.0,26.0,0.0359624,0.058675952,0.23142736,0.26096144,0.39886588,-1.9996423,1
94.0,27.0,0.13746469,0.088978305,0.43781254,0.31532753,0.011246481,-2.7938685,1
94.0,29.0,0.101517074,0.07008772,0.3338551,0.30667388,0.17664525,-2.3535278,4
94.0,31.0,0.06571224,0.05526572,0.28996217,0.19705687,0.37898618,-2.0170312,1
95.0,6.0,0.13605544,0.097449884,0.4042437,0.3088486,0.03849079,-2.5364492,7
95.0,7.0,0.09466383,0.07866013,0.3226885,0.24980302,0.24162488,-2.1303678,2
95.0,8.0,0.12890458,0.089680955,0.3916787,0.28329584,0.09757163,-2.4324746,4
95.0,9.0,0.14936174,0.09927275,0.38647217,0.3517465,0.0032270267,-2.432239,1
95.0,10.0,0.11448488,0.0864363,0.34512186,0.2869146,0.15752703,-2.2302132,2
95.0,11.0,0.10539024,0.09299775,0.45698178,0.30336726,0.03148892,-3.1073575,1
95.0,12.0,0.11823678,0.0898515,0.4167683,0.29945084,0.06442772,-2.7364783,4
95.0,15.0,0.06863751,0.065241076,0.2663316,0.20898166,0.37385184,-1.8458449,2
95.0,16.0,0.10269436,0.09391016,0.43831494,0.34932214,0.004018078,-3.1330757,1
95.0,17.0,0.0073504266,0.023104576,0.046840094,0.18908943,0.71545225,-0.8095486,1
95.0,21.0,0.13182402,0.08802005,0.44137782,0.3137848,0.015640786,-2.85818,1
95.0,22.0,0.10691068,0.08451672,0.43817732,0.32783264,0.032851186,-3.0628514,2
95.0,23.0,0.036077082,0.052319605,0.22148333,0.27640024,0.3997341,-1.9941849,1
95.0,25.0,0.06905757,0.06090836,0.30126032,0.23968118,0.31846827,-2.1786277,3
95.0,26.0,0.08923267,0.07333315,0.44447017,0.33143458,0.05323105,-3.2724662,1
95.0,28.0,0.088548504,0.08898478,0.45189217,0.3312294,0.026836276,-3.2913039,1
95.0,30.0,0.10055134,0.08003222,0.36650476,0.3169258,0.12211585,-2.596213,3
95.0,35.0,0.086836666,0.076625034,0.3746635,0.2978701,0.1568486,-2.6868548,1
96.0,7.0,0.110672995,0.07770346,0.31352028,0.27657583,0.20906878,-2.03743,2
96.0,8.0,0.12528774,0.08508342,0.3867796,0.29803947,0.09422033,-2.4858937,5
96.0,9.0,0.05641655,0.048307203,0.18740276,0.20720372,0.48140872,-1.4287188,2
96.0,10.0,0.11678141,0.0792597,0.35554156,0.28277823,0.15550123,-2.297568,5
96.0,11.0,0.099031165,0.078424394,0.35140437,0.29485902,0.16128038,-2.4419458,5
96.0,12.0,0.09206504,0.072510645,0.3819728,0.28149053,0.16186672,-2.6718917,2
96.0,13.0,0.112912476,0.08350041,0.42731866,0.33074334,0.034707695,-2.958567,3
96.0,15.0,0.09263921,0.078898594,0.3751493,0.32468304,0.11736832,-2.7323406,5
96.0,16.0,0.06998346,0.067350425,0.32390735,0.21597238,0.31111836,-2.2432604,1
96.0,17.0,0.11030685,0.08503354,0.4090052,0.31369933,0.073097035,-2.7908828,1
96.0,18.0,0.05557802,0.04748418,0.23464423,0.23544383,0.40316504,-1.86192,2
96.0,19.0,0.11376101,0.094289854,0.39170027,0.34339356,0.047898952,-2.7033792,1
96.0,20.0,0.091644086,0.06880077,0.3901063,0.28993228,0.15137818,-2.763468,1
96.0,23.0,0.11004649,0.08179985,0.43506914,0.34602183,0.008883628,-3.0997736,1
96.0,26.0,0.07903802,0.06331712,0.36237714,0.2998387,0.17836565,-2.7240922,1
96.0,28.0,0.062109187,0.038607113,0.22323807,0.12531352,0.53158635,-1.4217831,1
97.0,8.0,0.08578398,0.06762797,0.31540385,0.27037248,0.2272298,-2.278875,5
97.0,9.0,0.087358676,0.07137306,0.33099473,0.27530253,0.21699116,-2.3480842,4
97.0,10.0,0.07185696,0.050652415,0.20915155,0.18867522,0.4631227,-1.4052016,2
97.0,12.0,0.13159858,0.08017523,0.39762303,0.37257364,0.0044518183,-2.7604377,1
97.0,13.0,0.113402344,0.08942741,0.40936264,0.32988858,0.04484182,-2.8154352,1
97.0,14.0,0.0027516498,0.0071835076,0.030256543,0.015377284,0.91397977,-0.276788,1
97.0,15.0,0.10044652,0.09076,0.4489591,0.33312812,0.00832372,-3.1971476,1
97.0,16.0,0.09713952,0.08154175,0.37636417,0.3209812,0.10977559,-2.697123,2
97.0,17.0,0.08719077,0.0784177,0.4287202,0.32671613,0.064270474,-3.1598167,1
97.0,18.0,0.0335415,0.054381087,0.13858075,0.37592775,0.3798804,-1.732325,1
97.0,19.0,0.07235509,0.06715249,0.35161313,0.26326066,0.2311528,-2.5667584,1
97.0,22.0,0.11971408,0.083328426,0.40451705,0.3238447,0.056553155,-2.7353158,2
97.0,32.0,0.05409821,0.055315793,0.25669655,0.297542,0.31605142,-2.180543,2
97.0,35.0,0.027852466,0.046903536,0.23804462,0.2878233,0.37714243,-2.2339458,1
98.0,9.0,0.112969376,0.081780076,0.39313808,0.2983225,0.09546088,-2.6431313,4
98.0,10.0,0.12533444,0.08721205,0.37778687,0.30430523,0.09272757,-2.438094,5
98.0,11.0,0.12438763,0.09237928,0.4041833,0.3216073,0.040619094,-2.6760833,1
98.0,12.0,0.1365108,0.08889767,0.43641526,0.31400928,0.007581644,-2.8016024,1
98.0,14.0,0.08069619,0.077909015,0.44177234,0.2829047,0.10117942,-3.1675804,3
98.0,15.0,0.01288772,0.037751894,0.07756283,0.22017735,0.6266907,-1.0482652,1
98.0,16.0,0.083717205,0.07145973,0.38872126,0.2976453,0.14382541,-2.8379025,2
98.0,17.0,0.0973012,0.086377114,0.44198948,0.3320108,0.02707357,-3.1754727,2
98.0,18.0,0.07509798,0.07061337,0.3666626,0.2592192,0.21267046,-2.6348488,2
98.0,19.0,0.091040656,0.07709163,0.42895287,0.33156165,0.055333138,-3.1554313,2
98.0,21.0,0.08271402,0.06666228,0.38299397,0.2503845,0.19765075,-2.6879797,2
98.0,22.0,0.0026950228,0.008455497,0.022577466,0.023376763,0.9184302,-0.23121798,1
98.0,24.0,0.08227778,0.07153169,0.41926107,0.29269814,0.11780751,-3.050103,1
98.0,27.0,0.08459053,0.07755669,0.39940858,0.30104542,0.11648133,-2.9127483,1
98.0,28.0,0.06218854,0.053300392,0.36512756,0.25659016,0.24747898,-2.7565064,1
98.0,29.0,0.086925924,0.09169991,0.44006118,0.31346557,0.040626593,-3.188188,1
99.0,10.0,0.111346625,0.08534521,0.434339,0.33255905,0.0049917027,-3.0602455,2
99.0,11.0,0.08060285,0.067911714,0.34887767,0.25463,0.1885207,-2.5528505,5
99.0,13.0,0.11238296,0.08693765,0.43775588,0.30927187,0.019059286,-3.009577,2
99.0,14.0,0.089951925,0.08027459,0.46861616,0.296528,0.011965151,-3.3984265,1
99.0,15.0,0.045033112,0.048413012,0.31309986,0.17020026,0.39562136,-2.2926316,2
99.0,16.0,0.0047173765,0.016280979,0.054975223,0.25113225,0.63297886,-1.135185,1
99.0,17.0,0.0787267,0.07634233,0.43651417,0.3138168,0.06471864,-3.2719371,2
99.0,19.0,0.06848848,0.06311626,0.35680586,0.24058145,0.23036888,-2.628008,2
99.0,20.0,0.081804246,0.0739812,0.4701531,0.33551738,0.0035690898,-3.5664494,1
99.0,22.0,0.07470554,0.07102744,0.40442204,0.28516626,0.13160782,-3.01232,2
99.0,31.0,0.07208287,0.07471637,0.44233918,0.3655484,0.005010529,-3.5392315,1
99.0,32.0,0.019341266,0.038569722,0.18521526,0.3237764,0.38297325,-2.1120632,1
99.0,34.0,0.043494906,0.04852961,0.26096645,0.21314898,0.39444372,-2.0896297,2
